gene_id	gene_name	entrezid	gene_biotype	gene_seq_start	gene_seq_end	seq_name	seq_strand	seq_coord_system	symbol
ENSG00000177706	FAM20C	NA	protein_coding	192571	260772	7	1	NA	FAM20C
ENSG00000248767	FOXL3	NA	protein_coding	290170	294422	7	1	NA	FOXL3
ENSG00000197461	PDGFA	NA	protein_coding	497258	520296	7	-1	NA	PDGFA
ENSG00000188191	PRKAR1B	NA	protein_coding	549197	727650	7	-1	NA	PRKAR1B
ENSG00000164818	DNAAF5	NA	protein_coding	726699	786475	7	1	NA	DNAAF5
ENSG00000164828	SUN1	NA	protein_coding	816615	896435	7	1	NA	SUN1
ENSG00000239857	GET4	NA	protein_coding	876554	896436	7	1	NA	GET4
ENSG00000105963	ADAP1	NA	protein_coding	897900	955407	7	-1	NA	ADAP1
ENSG00000240230	COX19	NA	protein_coding	898778	975549	7	-1	NA	COX19
ENSG00000073067	CYP2W1	NA	protein_coding	983181	989640	7	1	NA	CYP2W1
ENSG00000146540	C7orf50	NA	protein_coding	996986	1138260	7	-1	NA	C7orf50
ENSG00000164849	GPR146	NA	protein_coding	1044546	1059261	7	1	NA	GPR146
ENSG00000164850	GPER1	NA	protein_coding	1082208	1093815	7	1	NA	GPER1
ENSG00000178381	ZFAND2A	NA	protein_coding	1152071	1160759	7	-1	NA	ZFAND2A
ENSG00000164853	UNCX	NA	protein_coding	1232872	1237326	7	1	NA	UNCX
ENSG00000164877	MICALL2	NA	protein_coding	1428465	1459470	7	-1	NA	MICALL2
ENSG00000164880	INTS1	NA	protein_coding	1470277	1504389	7	-1	NA	INTS1
ENSG00000198517	MAFK	NA	protein_coding	1530702	1543043	7	1	NA	MAFK
ENSG00000164855	TMEM184A	NA	protein_coding	1542235	1560821	7	-1	NA	TMEM184A
ENSG00000157778	PSMG3	NA	protein_coding	1567332	1571005	7	-1	NA	PSMG3
ENSG00000225968	ELFN1	NA	protein_coding	1688119	1747954	7	1	NA	ELFN1
ENSG00000002822	MAD1L1	NA	protein_coding	1815793	2233243	7	-1	NA	MAD1L1
ENSG00000286192	AC069288.1	NA	protein_coding	1815804	2242215	7	-1	NA	AC069288.1
ENSG00000122687	MRM2	NA	protein_coding	2234195	2242205	7	-1	NA	MRM2
ENSG00000106268	NUDT1	NA	protein_coding	2242222	2251146	7	1	NA	NUDT1
ENSG00000106266	SNX8	NA	protein_coding	2251770	2354318	7	-1	NA	SNX8
ENSG00000106263	EIF3B	NA	protein_coding	2354086	2380745	7	1	NA	EIF3B
ENSG00000136213	CHST12	NA	protein_coding	2403588	2448484	7	1	NA	CHST12
ENSG00000275572	GRIFIN	NA	protein_coding	2474844	2476894	7	-1	NA	GRIFIN
ENSG00000106003	LFNG	NA	protein_coding	2512529	2529177	7	1	NA	LFNG
ENSG00000106009	BRAT1	NA	protein_coding	2537810	2555694	7	-1	NA	BRAT1
ENSG00000106012	IQCE	NA	protein_coding	2558972	2614733	7	1	NA	IQCE
ENSG00000136295	TTYH3	NA	protein_coding	2631986	2664802	7	1	NA	TTYH3
ENSG00000174945	AMZ1	NA	protein_coding	2679522	2775500	7	1	NA	AMZ1
ENSG00000146535	GNA12	NA	protein_coding	2728105	2844308	7	-1	NA	GNA12
ENSG00000198286	CARD11	NA	protein_coding	2906141	3043945	7	-1	NA	CARD11
ENSG00000146555	SDK1	NA	protein_coding	3301252	4269000	7	1	NA	SDK1
ENSG00000164916	FOXK1	NA	protein_coding	4682295	4771442	7	1	NA	FOXK1
ENSG00000242802	AP5Z1	NA	protein_coding	4775615	4794397	7	1	NA	AP5Z1
ENSG00000157927	RADIL	NA	protein_coding	4797055	4883716	7	-1	NA	RADIL
ENSG00000218823	PAPOLB	NA	protein_coding	4857738	4862030	7	-1	NA	PAPOLB
ENSG00000136297	MMD2	NA	protein_coding	4905989	4959213	7	-1	NA	MMD2
ENSG00000272968	RBAK-RBAKDN	NA	protein_coding	4983718	5073221	7	1	NA	RBAK-RBAKDN
ENSG00000146587	RBAK	NA	protein_coding	5045821	5069487	7	1	NA	RBAK
ENSG00000157954	WIPI2	NA	protein_coding	5190196	5233840	7	1	NA	WIPI2
ENSG00000164638	SLC29A4	NA	protein_coding	5274369	5306870	7	1	NA	SLC29A4
ENSG00000182095	TNRC18	NA	protein_coding	5306790	5425414	7	-1	NA	TNRC18
ENSG00000155034	FBXL18	NA	protein_coding	5431335	5513809	7	-1	NA	FBXL18
ENSG00000075624	ACTB	NA	protein_coding	5527148	5563784	7	-1	NA	ACTB
ENSG00000075618	FSCN1	NA	protein_coding	5592816	5606655	7	1	NA	FSCN1
ENSG00000011275	RNF216	NA	protein_coding	5620047	5781739	7	-1	NA	RNF216
ENSG00000122543	OCM	NA	protein_coding	5879827	5886363	7	1	NA	OCM
ENSG00000122674	CCZ1	NA	protein_coding	5898725	5926550	7	1	NA	CCZ1
ENSG00000155026	RSPH10B	NA	protein_coding	5925550	5970683	7	-1	NA	RSPH10B
ENSG00000122512	PMS2	NA	protein_coding	5970925	6009106	7	-1	NA	PMS2
ENSG00000106305	AIMP2	NA	protein_coding	6009255	6023834	7	1	NA	AIMP2
ENSG00000086232	EIF2AK1	NA	protein_coding	6022247	6059175	7	-1	NA	EIF2AK1
ENSG00000157999	ANKRD61	NA	protein_coding	6031376	6036552	7	1	NA	ANKRD61
ENSG00000106346	USP42	NA	protein_coding	6104884	6161564	7	1	NA	USP42
ENSG00000008256	CYTH3	NA	protein_coding	6161776	6272644	7	-1	NA	CYTH3
ENSG00000178397	FAM220A	NA	protein_coding	6329411	6348981	7	-1	NA	FAM220A
ENSG00000286075	AC009412.1	NA	protein_coding	6329412	6348959	7	-1	NA	AC009412.1
ENSG00000136238	RAC1	NA	protein_coding	6374527	6403967	7	1	NA	RAC1
ENSG00000164535	DAGLB	NA	protein_coding	6409126	6484190	7	-1	NA	DAGLB
ENSG00000136240	KDELR2	NA	protein_coding	6445953	6484190	7	-1	NA	KDELR2
ENSG00000215045	GRID2IP	NA	protein_coding	6497462	6551436	7	-1	NA	GRID2IP
ENSG00000136247	ZDHHC4	NA	protein_coding	6577434	6589374	7	1	NA	ZDHHC4
ENSG00000146576	C7orf26	NA	protein_coding	6590021	6608726	7	1	NA	C7orf26
ENSG00000236609	ZNF853	NA	protein_coding	6615610	6624290	7	1	NA	ZNF853
ENSG00000205903	ZNF316	NA	protein_coding	6637318	6658279	7	1	NA	ZNF316
ENSG00000164631	ZNF12	NA	protein_coding	6688433	6706947	7	-1	NA	ZNF12
ENSG00000169402	RSPH10B2	NA	protein_coding	6754109	6799365	7	1	NA	RSPH10B2
ENSG00000146574	CCZ1B	NA	protein_coding	6794134	6826770	7	-1	NA	CCZ1B
ENSG00000106392	C1GALT1	NA	protein_coding	7156934	7248616	7	1	NA	C1GALT1
ENSG00000215018	COL28A1	NA	protein_coding	7356203	7535873	7	-1	NA	COL28A1
ENSG00000164654	MIOS	NA	protein_coding	7566875	7608932	7	1	NA	MIOS
ENSG00000106399	RPA3	NA	protein_coding	7636518	7718607	7	-1	NA	RPA3
ENSG00000219545	UMAD1	NA	protein_coding	7640711	7968020	7	1	NA	UMAD1
ENSG00000106415	GLCCI1	NA	protein_coding	7968796	8094272	7	1	NA	GLCCI1
ENSG00000003147	ICA1	NA	protein_coding	8113184	8262687	7	-1	NA	ICA1
ENSG00000122584	NXPH1	NA	protein_coding	8433609	8752961	7	1	NA	NXPH1
ENSG00000189043	NDUFA4	NA	protein_coding	10931943	10940153	7	-1	NA	NDUFA4
ENSG00000106443	PHF14	NA	protein_coding	10973336	11169630	7	1	NA	PHF14
ENSG00000005108	THSD7A	NA	protein_coding	11370365	11832198	7	-1	NA	THSD7A
ENSG00000106460	TMEM106B	NA	protein_coding	12211270	12243367	7	1	NA	TMEM106B
ENSG00000146530	VWDE	NA	protein_coding	12330885	12403941	7	-1	NA	VWDE
ENSG00000226690	AC013470.2	NA	protein_coding	12469621	12542222	7	1	NA	AC013470.2
ENSG00000006747	SCIN	NA	protein_coding	12570577	12660182	7	1	NA	SCIN
ENSG00000122644	ARL4A	NA	protein_coding	12686856	12690958	7	1	NA	ARL4A
ENSG00000006468	ETV1	NA	protein_coding	13891229	13991425	7	-1	NA	ETV1
ENSG00000136267	DGKB	NA	protein_coding	14145049	14974777	7	-1	NA	DGKB
ENSG00000187546	AGMO	NA	protein_coding	15200317	15562015	7	-1	NA	AGMO
ENSG00000106511	MEOX2	NA	protein_coding	15611212	15686683	7	-1	NA	MEOX2
ENSG00000214960	CRPPA	NA	protein_coding	16087525	16421538	7	-1	NA	CRPPA
ENSG00000171243	SOSTDC1	NA	protein_coding	16461481	16530580	7	-1	NA	SOSTDC1
ENSG00000205858	LRRC72	NA	protein_coding	16526825	16581568	7	1	NA	LRRC72
ENSG00000106524	ANKMY2	NA	protein_coding	16599779	16645817	7	-1	NA	ANKMY2
ENSG00000136261	BZW2	NA	protein_coding	16646131	16706523	7	1	NA	BZW2
ENSG00000106537	TSPAN13	NA	protein_coding	16753755	16784536	7	1	NA	TSPAN13
ENSG00000106541	AGR2	NA	protein_coding	16791811	16833433	7	-1	NA	AGR2
ENSG00000173467	AGR3	NA	protein_coding	16859412	16881987	7	-1	NA	AGR3
ENSG00000106546	AHR	NA	protein_coding	16916359	17346152	7	1	NA	AHR
ENSG00000283321	AC019117.4	NA	protein_coding	17299295	17467234	7	1	NA	AC019117.4
ENSG00000071189	SNX13	NA	protein_coding	17790761	17940501	7	-1	NA	SNX13
ENSG00000229937	PRPS1L1	NA	protein_coding	18026770	18027846	7	-1	NA	PRPS1L1
ENSG00000048052	HDAC9	NA	protein_coding	18086949	19002416	7	1	NA	HDAC9
ENSG00000122691	TWIST1	NA	protein_coding	19020991	19117636	7	-1	NA	TWIST1
ENSG00000146618	FERD3L	NA	protein_coding	19144782	19145421	7	-1	NA	FERD3L
ENSG00000105849	TWISTNB	NA	protein_coding	19695461	19709037	7	-1	NA	TWISTNB
ENSG00000173452	TMEM196	NA	protein_coding	19719315	19773617	7	-1	NA	TMEM196
ENSG00000183742	MACC1	NA	protein_coding	20134655	20217404	7	-1	NA	MACC1
ENSG00000105855	ITGB8	NA	protein_coding	20330702	20415754	7	1	NA	ITGB8
ENSG00000004846	ABCB5	NA	protein_coding	20615207	20777038	7	1	NA	ABCB5
ENSG00000164651	SP8	NA	protein_coding	20782283	20786886	7	-1	NA	SP8
ENSG00000105866	SP4	NA	protein_coding	21428043	21514822	7	1	NA	SP4
ENSG00000105877	DNAH11	NA	protein_coding	21543039	21901839	7	1	NA	DNAH11
ENSG00000164649	CDCA7L	NA	protein_coding	21900899	21945903	7	-1	NA	CDCA7L
ENSG00000136237	RAPGEF5	NA	protein_coding	22118236	22357154	7	-1	NA	RAPGEF5
ENSG00000105889	STEAP1B	NA	protein_coding	22419444	22727613	7	-1	NA	STEAP1B
ENSG00000136244	IL6	NA	protein_coding	22725884	22732002	7	1	NA	IL6
ENSG00000196683	TOMM7	NA	protein_coding	22812628	22822852	7	-1	NA	TOMM7
ENSG00000122591	FAM126A	NA	protein_coding	22889371	23014130	7	-1	NA	FAM126A
ENSG00000122550	KLHL7	NA	protein_coding	23105758	23177914	7	1	NA	KLHL7
ENSG00000136243	NUP42	NA	protein_coding	23181841	23201011	7	1	NA	NUP42
ENSG00000136235	GPNMB	NA	protein_coding	23235967	23275108	7	1	NA	GPNMB
ENSG00000156928	MALSU1	NA	protein_coding	23298739	23311729	7	1	NA	MALSU1
ENSG00000136231	IGF2BP3	NA	protein_coding	23310209	23470491	7	-1	NA	IGF2BP3
ENSG00000164548	TRA2A	NA	protein_coding	23504780	23532041	7	-1	NA	TRA2A
ENSG00000169193	CCDC126	NA	protein_coding	23597382	23644708	7	1	NA	CCDC126
ENSG00000188732	FAM221A	NA	protein_coding	23680130	23703249	7	1	NA	FAM221A
ENSG00000196335	STK31	NA	protein_coding	23710203	23832513	7	1	NA	STK31
ENSG00000122585	NPY	NA	protein_coding	24284188	24291862	7	1	NA	NPY
ENSG00000105926	MPP6	NA	protein_coding	24573268	24694193	7	1	NA	MPP6
ENSG00000105928	GSDME	NA	protein_coding	24698355	24757940	7	-1	NA	GSDME
ENSG00000070882	OSBPL3	NA	protein_coding	24796540	24981634	7	-1	NA	OSBPL3
ENSG00000172115	CYCS	NA	protein_coding	25118656	25125260	7	-1	NA	CYCS
ENSG00000153790	C7orf31	NA	protein_coding	25134692	25180356	7	-1	NA	C7orf31
ENSG00000105954	NPVF	NA	protein_coding	25224570	25228486	7	-1	NA	NPVF
ENSG00000050344	NFE2L3	NA	protein_coding	26152198	26187137	7	1	NA	NFE2L3
ENSG00000122566	HNRNPA2B1	NA	protein_coding	26173057	26201529	7	-1	NA	HNRNPA2B1
ENSG00000122565	CBX3	NA	protein_coding	26201162	26213607	7	1	NA	CBX3
ENSG00000086300	SNX10	NA	protein_coding	26291862	26374383	7	1	NA	SNX10
ENSG00000005020	SKAP2	NA	protein_coding	26667068	26995239	7	-1	NA	SKAP2
ENSG00000105991	HOXA1	NA	protein_coding	27092993	27096000	7	-1	NA	HOXA1
ENSG00000105996	HOXA2	NA	protein_coding	27100354	27102686	7	-1	NA	HOXA2
ENSG00000105997	HOXA3	NA	protein_coding	27106184	27152581	7	-1	NA	HOXA3
ENSG00000197576	HOXA4	NA	protein_coding	27128507	27130780	7	-1	NA	HOXA4
ENSG00000106004	HOXA5	NA	protein_coding	27141052	27143681	7	-1	NA	HOXA5
ENSG00000106006	HOXA6	NA	protein_coding	27145396	27150603	7	-1	NA	HOXA6
ENSG00000122592	HOXA7	NA	protein_coding	27153716	27157936	7	-1	NA	HOXA7
ENSG00000078399	HOXA9	NA	protein_coding	27162438	27175180	7	-1	NA	HOXA9
ENSG00000257184	AC004080.3	NA	protein_coding	27163535	27180013	7	-1	NA	AC004080.3
ENSG00000253293	HOXA10	NA	protein_coding	27170592	27180261	7	-1	NA	HOXA10
ENSG00000005073	HOXA11	NA	protein_coding	27181157	27185232	7	-1	NA	HOXA11
ENSG00000106031	HOXA13	NA	protein_coding	27193503	27200091	7	-1	NA	HOXA13
ENSG00000106038	EVX1	NA	protein_coding	27242700	27250493	7	1	NA	EVX1
ENSG00000106049	HIBADH	NA	protein_coding	27525442	27662883	7	-1	NA	HIBADH
ENSG00000106052	TAX1BP1	NA	protein_coding	27739331	27844564	7	1	NA	TAX1BP1
ENSG00000153814	JAZF1	NA	protein_coding	27830573	28180795	7	-1	NA	JAZF1
ENSG00000146592	CREB5	NA	protein_coding	28299321	28825894	7	1	NA	CREB5
ENSG00000255690	TRIL	NA	protein_coding	28953358	28958330	7	-1	NA	TRIL
ENSG00000106066	CPVL	NA	protein_coding	28995235	29195451	7	-1	NA	CPVL
ENSG00000285162	AC004593.2	NA	protein_coding	29122340	29514667	7	1	NA	AC004593.2
ENSG00000106069	CHN2	NA	protein_coding	29146569	29514328	7	1	NA	CHN2
ENSG00000176532	PRR15	NA	protein_coding	29563835	29567293	7	1	NA	PRR15
ENSG00000122574	WIPF3	NA	protein_coding	29806486	29917066	7	1	NA	WIPF3
ENSG00000136193	SCRN1	NA	protein_coding	29920104	29990289	7	-1	NA	SCRN1
ENSG00000106080	FKBP14	NA	protein_coding	30010587	30026702	7	-1	NA	FKBP14
ENSG00000106086	PLEKHA8	NA	protein_coding	30027404	30130483	7	1	NA	PLEKHA8
ENSG00000180354	MTURN	NA	protein_coding	30134986	30162762	7	1	NA	MTURN
ENSG00000180233	ZNRF2	NA	protein_coding	30284597	30367689	7	1	NA	ZNRF2
ENSG00000281593	AC006978.2	NA	protein_coding	30362400	30412502	7	1	NA	AC006978.2
ENSG00000106100	NOD1	NA	protein_coding	30424527	30478784	7	-1	NA	NOD1
ENSG00000006625	GGCT	NA	protein_coding	30496621	30504841	7	-1	NA	GGCT
ENSG00000281039	AC005154.5	NA	protein_coding	30497077	30550761	7	-1	NA	AC005154.5
ENSG00000106105	GARS1	NA	protein_coding	30594838	30634033	7	1	NA	GARS1
ENSG00000106113	CRHR2	NA	protein_coding	30651942	30700129	7	-1	NA	CRHR2
ENSG00000241644	INMT	NA	protein_coding	30697985	30757602	7	1	NA	INMT
ENSG00000254959	INMT-MINDY4	NA	protein_coding	30752137	30892081	7	1	NA	INMT-MINDY4
ENSG00000106125	MINDY4	NA	protein_coding	30771417	30892387	7	1	NA	MINDY4
ENSG00000250424	AC004691.2	NA	protein_coding	30852273	30923812	7	1	NA	AC004691.2
ENSG00000240583	AQP1	NA	protein_coding	30911694	30925517	7	1	NA	AQP1
ENSG00000106128	GHRHR	NA	protein_coding	30938669	30993254	7	1	NA	GHRHR
ENSG00000078549	ADCYAP1R1	NA	protein_coding	31052461	31111479	7	1	NA	ADCYAP1R1
ENSG00000164600	NEUROD6	NA	protein_coding	31337465	31340726	7	-1	NA	NEUROD6
ENSG00000180347	ITPRID1	NA	protein_coding	31514071	31658720	7	1	NA	ITPRID1
ENSG00000106341	PPP1R17	NA	protein_coding	31687215	31708455	7	1	NA	PPP1R17
ENSG00000154678	PDE1C	NA	protein_coding	31751179	32428131	7	-1	NA	PDE1C
ENSG00000106355	LSM5	NA	protein_coding	32485338	32495283	7	-1	NA	LSM5
ENSG00000105778	AVL9	NA	protein_coding	32495426	32588726	7	1	NA	AVL9
ENSG00000170852	KBTBD2	NA	protein_coding	32868172	32894131	7	-1	NA	KBTBD2
ENSG00000122642	FKBP9	NA	protein_coding	32957404	33006930	7	1	NA	FKBP9
ENSG00000122643	NT5C3A	NA	protein_coding	33014114	33062797	7	-1	NA	NT5C3A
ENSG00000164610	RP9	NA	protein_coding	33094797	33109404	7	-1	NA	RP9
ENSG00000122507	BBS9	NA	protein_coding	33109557	33877180	7	1	NA	BBS9
ENSG00000164619	BMPER	NA	protein_coding	33904308	34156427	7	1	NA	BMPER
ENSG00000187258	NPSR1	NA	protein_coding	34658218	34878332	7	1	NA	NPSR1
ENSG00000173852	DPY19L1	NA	protein_coding	34928876	35038271	7	-1	NA	DPY19L1
ENSG00000164532	TBX20	NA	protein_coding	35202430	35254100	7	-1	NA	TBX20
ENSG00000122557	HERPUD2	NA	protein_coding	35632659	35695571	7	-1	NA	HERPUD2
ENSG00000122545	SEPTIN7	NA	protein_coding	35800932	35907105	7	1	NA	SEPTIN7
ENSG00000122547	EEPD1	NA	protein_coding	36153254	36301538	7	1	NA	EEPD1
ENSG00000164542	KIAA0895	NA	protein_coding	36324221	36390125	7	-1	NA	KIAA0895
ENSG00000011426	ANLN	NA	protein_coding	36389821	36453791	7	1	NA	ANLN
ENSG00000136250	AOAH	NA	protein_coding	36512941	36724549	7	-1	NA	AOAH
ENSG00000155849	ELMO1	NA	protein_coding	36854361	37449249	7	-1	NA	ELMO1
ENSG00000187037	GPR141	NA	protein_coding	37683796	37833788	7	1	NA	GPR141
ENSG00000086289	EPDR1	NA	protein_coding	37683843	37951936	7	1	NA	EPDR1
ENSG00000086288	NME8	NA	protein_coding	37848597	37900397	7	1	NA	NME8
ENSG00000106483	SFRP4	NA	protein_coding	37905932	38025695	7	-1	NA	SFRP4
ENSG00000010270	STARD3NL	NA	protein_coding	38178222	38230671	7	1	NA	STARD3NL
ENSG00000078053	AMPH	NA	protein_coding	38383704	38631420	7	-1	NA	AMPH
ENSG00000006715	VPS41	NA	protein_coding	38722974	38932394	7	-1	NA	VPS41
ENSG00000106536	POU6F2	NA	protein_coding	38977909	39493095	7	1	NA	POU6F2
ENSG00000241127	YAE1	NA	protein_coding	39566385	39610320	7	1	NA	YAE1
ENSG00000006451	RALA	NA	protein_coding	39623565	39708120	7	1	NA	RALA
ENSG00000065883	CDK13	NA	protein_coding	39950121	40099580	7	1	NA	CDK13
ENSG00000168303	MPLKIP	NA	protein_coding	40126027	40134622	7	-1	NA	MPLKIP
ENSG00000175600	SUGCT	NA	protein_coding	40134977	40860763	7	1	NA	SUGCT
ENSG00000122641	INHBA	NA	protein_coding	41667168	41705834	7	-1	NA	INHBA
ENSG00000106571	GLI3	NA	protein_coding	41960949	42237870	7	-1	NA	GLI3
ENSG00000136197	C7orf25	NA	protein_coding	42908726	42912305	7	-1	NA	C7orf25
ENSG00000256646	AC010132.3	NA	protein_coding	42909273	42932174	7	-1	NA	AC010132.3
ENSG00000106588	PSMA2	NA	protein_coding	42916861	42932185	7	-1	NA	PSMA2
ENSG00000106591	MRPL32	NA	protein_coding	42932376	42948958	7	1	NA	MRPL32
ENSG00000002746	HECW1	NA	protein_coding	43112629	43566001	7	1	NA	HECW1
ENSG00000164543	STK17A	NA	protein_coding	43582758	43650713	7	1	NA	STK17A
ENSG00000106603	COA1	NA	protein_coding	43608456	43729717	7	-1	NA	COA1
ENSG00000106605	BLVRA	NA	protein_coding	43758680	43807342	7	1	NA	BLVRA
ENSG00000062582	MRPS24	NA	protein_coding	43866558	43869893	7	-1	NA	MRPS24
ENSG00000270617	URGCP-MRPS24	NA	protein_coding	43866558	43906589	7	-1	NA	URGCP-MRPS24
ENSG00000106608	URGCP	NA	protein_coding	43875894	43926411	7	-1	NA	URGCP
ENSG00000078967	UBE2D4	NA	protein_coding	43926436	43956136	7	1	NA	UBE2D4
ENSG00000136206	SPDYE1	NA	protein_coding	43997897	44010122	7	1	NA	SPDYE1
ENSG00000136279	DBNL	NA	protein_coding	44044640	44069456	7	1	NA	DBNL
ENSG00000164708	PGAM2	NA	protein_coding	44062727	44065567	7	-1	NA	PGAM2
ENSG00000122678	POLM	NA	protein_coding	44072062	44082530	7	-1	NA	POLM
ENSG00000106624	AEBP1	NA	protein_coding	44104345	44114562	7	1	NA	AEBP1
ENSG00000106628	POLD2	NA	protein_coding	44114681	44124358	7	-1	NA	POLD2
ENSG00000106631	MYL7	NA	protein_coding	44138864	44141332	7	-1	NA	MYL7
ENSG00000106633	GCK	NA	protein_coding	44143213	44198170	7	-1	NA	GCK
ENSG00000106636	YKT6	NA	protein_coding	44200968	44214294	7	1	NA	YKT6
ENSG00000058404	CAMK2B	NA	protein_coding	44217150	44334577	7	-1	NA	CAMK2B
ENSG00000015676	NUDCD3	NA	protein_coding	44379119	44490658	7	-1	NA	NUDCD3
ENSG00000015520	NPC1L1	NA	protein_coding	44512535	44541315	7	-1	NA	NPC1L1
ENSG00000136271	DDX56	NA	protein_coding	44565417	44575051	7	-1	NA	DDX56
ENSG00000158604	TMED4	NA	protein_coding	44577894	44582287	7	-1	NA	TMED4
ENSG00000105953	OGDH	NA	protein_coding	44606572	44709066	7	1	NA	OGDH
ENSG00000122515	ZMIZ2	NA	protein_coding	44748581	44769881	7	1	NA	ZMIZ2
ENSG00000196262	PPIA	NA	protein_coding	44796680	44824564	7	1	NA	PPIA
ENSG00000105968	H2AZ2	NA	protein_coding	44826791	44848087	7	-1	NA	H2AZ2
ENSG00000146676	PURB	NA	protein_coding	44876299	44885530	7	-1	NA	PURB
ENSG00000136286	MYO1G	NA	protein_coding	44962662	44979088	7	-1	NA	MYO1G
ENSG00000136280	CCM2	NA	protein_coding	44999475	45076469	7	1	NA	CCM2
ENSG00000136274	NACAD	NA	protein_coding	45080437	45088969	7	-1	NA	NACAD
ENSG00000136270	TBRG4	NA	protein_coding	45100100	45112047	7	-1	NA	TBRG4
ENSG00000122679	RAMP3	NA	protein_coding	45157791	45186302	7	1	NA	RAMP3
ENSG00000164742	ADCY1	NA	protein_coding	45574140	45723116	7	1	NA	ADCY1
ENSG00000283247	CCDC201	NA	protein_coding	45859994	45873082	7	-1	NA	CCDC201
ENSG00000146678	IGFBP1	NA	protein_coding	45888360	45893660	7	1	NA	IGFBP1
ENSG00000146674	IGFBP3	NA	protein_coding	45912245	45921874	7	-1	NA	IGFBP3
ENSG00000136205	TNS3	NA	protein_coding	47275154	47582558	7	-1	NA	TNS3
ENSG00000158683	PKD1L1	NA	protein_coding	47740202	47948491	7	-1	NA	PKD1L1
ENSG00000136273	HUS1	NA	protein_coding	47963288	47979615	7	-1	NA	HUS1
ENSG00000164744	SUN3	NA	protein_coding	47987148	48029119	7	-1	NA	SUN3
ENSG00000164746	C7orf57	NA	protein_coding	48035511	48061304	7	1	NA	C7orf57
ENSG00000183696	UPP1	NA	protein_coding	48088628	48108736	7	1	NA	UPP1
ENSG00000179869	ABCA13	NA	protein_coding	48171458	48647497	7	1	NA	ABCA13
ENSG00000218305	CDC14C	NA	protein_coding	48919765	48927454	7	1	NA	CDC14C
ENSG00000188730	VWC2	NA	protein_coding	49773638	49921950	7	1	NA	VWC2
ENSG00000042813	ZPBP	NA	protein_coding	49850421	50121329	7	-1	NA	ZPBP
ENSG00000164500	SPATA48	NA	protein_coding	50095883	50159256	7	1	NA	SPATA48
ENSG00000185811	IKZF1	NA	protein_coding	50304068	50405101	7	1	NA	IKZF1
ENSG00000132436	FIGNL1	NA	protein_coding	50444128	50542535	7	-1	NA	FIGNL1
ENSG00000132437	DDC	NA	protein_coding	50458436	50565405	7	-1	NA	DDC
ENSG00000106070	GRB10	NA	protein_coding	50590063	50793462	7	-1	NA	GRB10
ENSG00000106078	COBL	NA	protein_coding	51016212	51316818	7	-1	NA	COBL
ENSG00000221900	POM121L12	NA	protein_coding	53035633	53036925	7	1	NA	POM121L12
ENSG00000170419	VSTM2A	NA	protein_coding	54542325	54571080	7	1	NA	VSTM2A
ENSG00000132432	SEC61G	NA	protein_coding	54752250	54759974	7	-1	NA	SEC61G
ENSG00000146648	EGFR	NA	protein_coding	55019017	55211628	7	1	NA	EGFR
ENSG00000132434	LANCL2	NA	protein_coding	55365448	55433742	7	1	NA	LANCL2
ENSG00000154978	VOPP1	NA	protein_coding	55436056	55572988	7	-1	NA	VOPP1
ENSG00000154997	SEPTIN14	NA	protein_coding	55793540	55862755	7	-1	NA	SEPTIN14
ENSG00000249773	AC092647.5	NA	protein_coding	55887277	55955239	7	1	NA	AC092647.5
ENSG00000178665	ZNF713	NA	protein_coding	55887456	55942530	7	1	NA	ZNF713
ENSG00000146729	NIPSNAP2	NA	protein_coding	55951793	56000181	7	1	NA	NIPSNAP2
ENSG00000239789	MRPS17	NA	protein_coding	55951877	55956500	7	1	NA	MRPS17
ENSG00000146733	PSPH	NA	protein_coding	56011051	56051604	7	-1	NA	PSPH
ENSG00000146731	CCT6A	NA	protein_coding	56051685	56063989	7	1	NA	CCT6A
ENSG00000129103	SUMF2	NA	protein_coding	56064002	56080670	7	1	NA	SUMF2
ENSG00000164776	PHKG1	NA	protein_coding	56080283	56092996	7	-1	NA	PHKG1
ENSG00000106153	CHCHD2	NA	protein_coding	56101573	56106476	7	-1	NA	CHCHD2
ENSG00000185290	NUPR2	NA	protein_coding	56114681	56116417	7	-1	NA	NUPR2
ENSG00000185177	ZNF479	NA	protein_coding	57119614	57139864	7	-1	NA	ZNF479
ENSG00000182111	ZNF716	NA	protein_coding	57450177	57473559	7	1	NA	ZNF716
ENSG00000241149	ZNF722P	NA	protein_coding	63998874	64016130	7	1	NA	ZNF722P
ENSG00000214652	ZNF727	NA	protein_coding	64045434	64085339	7	1	NA	ZNF727
ENSG00000223614	ZNF735	NA	protein_coding	64207090	64220508	7	1	NA	ZNF735
ENSG00000197123	ZNF679	NA	protein_coding	64228474	64266931	7	1	NA	ZNF679
ENSG00000234444	ZNF736	NA	protein_coding	64307459	64356634	7	1	NA	ZNF736
ENSG00000173041	ZNF680	NA	protein_coding	64519878	64563075	7	-1	NA	ZNF680
ENSG00000196247	ZNF107	NA	protein_coding	64666083	64711582	7	1	NA	ZNF107
ENSG00000197008	ZNF138	NA	protein_coding	64794388	64833681	7	1	NA	ZNF138
ENSG00000198039	ZNF273	NA	protein_coding	64870172	64930966	7	1	NA	ZNF273
ENSG00000152926	ZNF117	NA	protein_coding	64971772	65006684	7	-1	NA	ZNF117
ENSG00000213462	ERV3-1	NA	protein_coding	64990356	65006743	7	-1	NA	ERV3-1
ENSG00000146757	ZNF92	NA	protein_coding	65373799	65401136	7	1	NA	ZNF92
ENSG00000196715	VKORC1L1	NA	protein_coding	65873074	65959563	7	1	NA	VKORC1L1
ENSG00000169919	GUSB	NA	protein_coding	65960684	65982215	7	-1	NA	GUSB
ENSG00000126522	ASL	NA	protein_coding	66075800	66094697	7	1	NA	ASL
ENSG00000249319	AC068533.4	NA	protein_coding	66087761	66152277	7	1	NA	AC068533.4
ENSG00000241258	CRCP	NA	protein_coding	66114604	66154568	7	1	NA	CRCP
ENSG00000169902	TPST1	NA	protein_coding	66205317	66420543	7	1	NA	TPST1
ENSG00000243335	KCTD7	NA	protein_coding	66628767	66649067	7	1	NA	KCTD7
ENSG00000284461	AC027644.4	NA	protein_coding	66628958	66811189	7	1	NA	AC027644.4
ENSG00000154710	RABGEF1	NA	protein_coding	66682164	66811464	7	1	NA	RABGEF1
ENSG00000106609	TMEM248	NA	protein_coding	66921225	66958551	7	1	NA	TMEM248
ENSG00000126524	SBDS	NA	protein_coding	66987680	66995587	7	-1	NA	SBDS
ENSG00000198874	TYW1	NA	protein_coding	66995173	67239519	7	1	NA	TYW1
ENSG00000230358	SPDYE21	NA	protein_coding	67278714	67286664	7	1	NA	SPDYE21
ENSG00000158321	AUTS2	NA	protein_coding	69598296	70793506	7	1	NA	AUTS2
ENSG00000185274	GALNT17	NA	protein_coding	71132144	71713600	7	1	NA	GALNT17
ENSG00000183166	CALN1	NA	protein_coding	71779491	72447151	7	-1	NA	CALN1
ENSG00000277149	TYW1B	NA	protein_coding	72558744	72828200	7	-1	NA	TYW1B
ENSG00000196313	POM121	NA	protein_coding	72879365	72951440	7	1	NA	POM121
ENSG00000155428	TRIM74	NA	protein_coding	72959485	72969466	7	-1	NA	TRIM74
ENSG00000273520	SPDYE8	NA	protein_coding	73020338	73029766	7	-1	NA	SPDYE8
ENSG00000286228	SPDYE11	NA	protein_coding	73048481	73057911	7	-1	NA	SPDYE11
ENSG00000262461	SPDYE9	NA	protein_coding	73076165	73086038	7	-1	NA	SPDYE9
ENSG00000130305	NSUN5	NA	protein_coding	73302516	73308826	7	-1	NA	NSUN5
ENSG00000146755	TRIM50	NA	protein_coding	73312536	73328082	7	-1	NA	TRIM50
ENSG00000077800	FKBP6	NA	protein_coding	73328161	73358637	7	1	NA	FKBP6
ENSG00000188763	FZD9	NA	protein_coding	73433778	73436120	7	1	NA	FZD9
ENSG00000009954	BAZ1B	NA	protein_coding	73440406	73522293	7	-1	NA	BAZ1B
ENSG00000106635	BCL7B	NA	protein_coding	73536356	73557690	7	-1	NA	BCL7B
ENSG00000106638	TBL2	NA	protein_coding	73567537	73578791	7	-1	NA	TBL2
ENSG00000009950	MLXIPL	NA	protein_coding	73593194	73624543	7	-1	NA	MLXIPL
ENSG00000176428	VPS37D	NA	protein_coding	73667831	73672112	7	1	NA	VPS37D
ENSG00000176410	DNAJC30	NA	protein_coding	73680918	73683453	7	-1	NA	DNAJC30
ENSG00000071462	BUD23	NA	protein_coding	73683025	73705161	7	1	NA	BUD23
ENSG00000106089	STX1A	NA	protein_coding	73699206	73719672	7	-1	NA	STX1A
ENSG00000106077	ABHD11	NA	protein_coding	73736094	73738867	7	-1	NA	ABHD11
ENSG00000165215	CLDN3	NA	protein_coding	73768997	73770270	7	-1	NA	CLDN3
ENSG00000189143	CLDN4	NA	protein_coding	73799542	73832693	7	1	NA	CLDN4
ENSG00000165171	METTL27	NA	protein_coding	73834590	73842516	7	-1	NA	METTL27
ENSG00000175877	TMEM270	NA	protein_coding	73861159	73865890	7	1	NA	TMEM270
ENSG00000049540	ELN	NA	protein_coding	74027789	74069907	7	1	NA	ELN
ENSG00000106683	LIMK1	NA	protein_coding	74082933	74122525	7	1	NA	LIMK1
ENSG00000106682	EIF4H	NA	protein_coding	74174245	74197101	7	1	NA	EIF4H
ENSG00000086730	LAT2	NA	protein_coding	74199652	74229834	7	1	NA	LAT2
ENSG00000049541	RFC2	NA	protein_coding	74231499	74254458	7	-1	NA	RFC2
ENSG00000106665	CLIP2	NA	protein_coding	74289407	74405935	7	1	NA	CLIP2
ENSG00000006704	GTF2IRD1	NA	protein_coding	74453790	74602604	7	1	NA	GTF2IRD1
ENSG00000263001	GTF2I	NA	protein_coding	74650231	74760692	7	1	NA	GTF2I
ENSG00000158517	NCF1	NA	protein_coding	74773962	74789376	7	1	NA	NCF1
ENSG00000196275	GTF2IRD2	NA	protein_coding	74796144	74851551	7	-1	NA	GTF2IRD2
ENSG00000274070	CASTOR2	NA	protein_coding	74964705	75031528	7	1	NA	CASTOR2
ENSG00000274523	RCC1L	NA	protein_coding	75027122	75074228	7	-1	NA	RCC1L
ENSG00000174428	GTF2IRD2B	NA	protein_coding	75092573	75149817	7	1	NA	GTF2IRD2B
ENSG00000286038	SPDYE13	NA	protein_coding	75281243	75287121	7	1	NA	SPDYE13
ENSG00000286137	SPDYE14	NA	protein_coding	75309171	75315049	7	1	NA	SPDYE14
ENSG00000286014	SPDYE15	NA	protein_coding	75337138	75343016	7	1	NA	SPDYE15
ENSG00000178809	TRIM73	NA	protein_coding	75395063	75410996	7	1	NA	TRIM73
ENSG00000272391	POM121C	NA	protein_coding	75416786	75486299	7	-1	NA	POM121C
ENSG00000170092	SPDYE5	NA	protein_coding	75493625	75504304	7	1	NA	SPDYE5
ENSG00000127946	HIP1	NA	protein_coding	75533298	75738962	7	-1	NA	HIP1
ENSG00000006606	CCL26	NA	protein_coding	75769533	75789896	7	-1	NA	CCL26
ENSG00000106178	CCL24	NA	protein_coding	75811665	75823356	7	-1	NA	CCL24
ENSG00000005486	RHBDD2	NA	protein_coding	75842602	75888926	7	1	NA	RHBDD2
ENSG00000127948	POR	NA	protein_coding	75899200	75986855	7	1	NA	POR
ENSG00000189077	TMEM120A	NA	protein_coding	75986831	75994656	7	-1	NA	TMEM120A
ENSG00000127952	STYXL1	NA	protein_coding	75996338	76048004	7	-1	NA	STYXL1
ENSG00000146701	MDH2	NA	protein_coding	76048051	76067508	7	1	NA	MDH2
ENSG00000177679	SRRM3	NA	protein_coding	76201896	76287288	7	1	NA	SRRM3
ENSG00000106211	HSPB1	NA	protein_coding	76302673	76304295	7	1	NA	HSPB1
ENSG00000170027	YWHAG	NA	protein_coding	76326799	76358991	7	-1	NA	YWHAG
ENSG00000146700	SSC4D	NA	protein_coding	76389334	76409697	7	-1	NA	SSC4D
ENSG00000188372	ZP3	NA	protein_coding	76397518	76442071	7	1	NA	ZP3
ENSG00000091073	DTX2	NA	protein_coding	76461676	76505995	7	1	NA	DTX2
ENSG00000243566	UPK3B	NA	protein_coding	76510428	76516521	7	1	NA	UPK3B
ENSG00000185040	SPDYE16	NA	protein_coding	76531319	76541459	7	-1	NA	SPDYE16
ENSG00000146707	POMZP3	NA	protein_coding	76609986	76627261	7	-1	NA	POMZP3
ENSG00000186645	SPDYE17	NA	protein_coding	77022925	77062552	7	-1	NA	SPDYE17
ENSG00000135205	CCDC146	NA	protein_coding	77122434	77329533	7	1	NA	CCDC146
ENSG00000127951	FGL2	NA	protein_coding	77193369	77199848	7	-1	NA	FGL2
ENSG00000186088	GSAP	NA	protein_coding	77310751	77416349	7	-1	NA	GSAP
ENSG00000127947	PTPN12	NA	protein_coding	77537295	77640069	7	1	NA	PTPN12
ENSG00000187257	RSBN1L	NA	protein_coding	77696459	77783022	7	1	NA	RSBN1L
ENSG00000135211	TMEM60	NA	protein_coding	77793728	77798434	7	-1	NA	TMEM60
ENSG00000006576	PHTF2	NA	protein_coding	77798792	77957503	7	1	NA	PHTF2
ENSG00000187391	MAGI2	NA	protein_coding	78017055	79453667	7	-1	NA	MAGI2
ENSG00000127955	GNAI1	NA	protein_coding	79768028	80226181	7	1	NA	GNAI1
ENSG00000135218	CD36	NA	protein_coding	80369575	80679277	7	1	NA	CD36
ENSG00000214415	GNAT3	NA	protein_coding	80458635	80512064	7	-1	NA	GNAT3
ENSG00000075223	SEMA3C	NA	protein_coding	80742538	80922359	7	-1	NA	SEMA3C
ENSG00000019991	HGF	NA	protein_coding	81699010	81770438	7	-1	NA	HGF
ENSG00000153956	CACNA2D1	NA	protein_coding	81946444	82443777	7	-1	NA	CACNA2D1
ENSG00000186472	PCLO	NA	protein_coding	82754012	83162930	7	-1	NA	PCLO
ENSG00000170381	SEMA3E	NA	protein_coding	83363238	83649139	7	-1	NA	SEMA3E
ENSG00000075213	SEMA3A	NA	protein_coding	83955777	84492724	7	-1	NA	SEMA3A
ENSG00000153993	SEMA3D	NA	protein_coding	84995553	85186855	7	-1	NA	SEMA3D
ENSG00000198822	GRM3	NA	protein_coding	86643914	86864884	7	1	NA	GRM3
ENSG00000164659	KIAA1324L	NA	protein_coding	86876906	87059654	7	-1	NA	KIAA1324L
ENSG00000135164	DMTF1	NA	protein_coding	87152361	87196337	7	1	NA	DMTF1
ENSG00000135185	TMEM243	NA	protein_coding	87196160	87220587	7	-1	NA	TMEM243
ENSG00000005469	CROT	NA	protein_coding	87345664	87399794	7	1	NA	CROT
ENSG00000005471	ABCB4	NA	protein_coding	87401696	87480435	7	-1	NA	ABCB4
ENSG00000085563	ABCB1	NA	protein_coding	87503017	87713323	7	-1	NA	ABCB1
ENSG00000105784	RUNDC3B	NA	protein_coding	87627548	87832296	7	1	NA	RUNDC3B
ENSG00000075303	SLC25A40	NA	protein_coding	87833568	87876360	7	-1	NA	SLC25A40
ENSG00000006634	DBF4	NA	protein_coding	87876216	87909553	7	1	NA	DBF4
ENSG00000008277	ADAM22	NA	protein_coding	87934143	88202889	7	1	NA	ADAM22
ENSG00000075142	SRI	NA	protein_coding	88205115	88226993	7	-1	NA	SRI
ENSG00000127954	STEAP4	NA	protein_coding	88270892	88306891	7	-1	NA	STEAP4
ENSG00000182348	ZNF804B	NA	protein_coding	88759700	89338528	7	1	NA	ZNF804B
ENSG00000164645	TEX47	NA	protein_coding	88794106	88795737	7	-1	NA	TEX47
ENSG00000164647	STEAP1	NA	protein_coding	90154456	90164829	7	1	NA	STEAP1
ENSG00000157214	STEAP2	NA	protein_coding	90167590	90238137	7	1	NA	STEAP2
ENSG00000105792	CFAP69	NA	protein_coding	90245174	90311063	7	1	NA	CFAP69
ENSG00000283267	FAM237B	NA	protein_coding	90316503	90321308	7	-1	NA	FAM237B
ENSG00000105793	GTPBP10	NA	protein_coding	90335223	90391453	7	1	NA	GTPBP10
ENSG00000157224	CLDN12	NA	protein_coding	90383721	90513402	7	1	NA	CLDN12
ENSG00000058091	CDK14	NA	protein_coding	90466424	91210590	7	1	NA	CDK14
ENSG00000157240	FZD1	NA	protein_coding	91264433	91271326	7	1	NA	FZD1
ENSG00000127989	MTERF1	NA	protein_coding	91692008	91880702	7	-1	NA	MTERF1
ENSG00000127914	AKAP9	NA	protein_coding	91940862	92110673	7	1	NA	AKAP9
ENSG00000001630	CYP51A1	NA	protein_coding	92112153	92134803	7	-1	NA	CYP51A1
ENSG00000285772	AC000120.3	NA	protein_coding	92112159	92179511	7	-1	NA	AC000120.3
ENSG00000285953	AC000120.4	NA	protein_coding	92131774	92245924	7	-1	NA	AC000120.4
ENSG00000240720	LRRD1	NA	protein_coding	92141643	92179531	7	-1	NA	LRRD1
ENSG00000001631	KRIT1	NA	protein_coding	92198969	92246166	7	-1	NA	KRIT1
ENSG00000001629	ANKIB1	NA	protein_coding	92245974	92401383	7	1	NA	ANKIB1
ENSG00000157259	GATAD1	NA	protein_coding	92447482	92460075	7	1	NA	GATAD1
ENSG00000242950	ERVW-1	NA	protein_coding	92468380	92477986	7	-1	NA	ERVW-1
ENSG00000127980	PEX1	NA	protein_coding	92487020	92528520	7	-1	NA	PEX1
ENSG00000127993	RBM48	NA	protein_coding	92528773	92540481	7	1	NA	RBM48
ENSG00000234545	FAM133B	NA	protein_coding	92560758	92590393	7	-1	NA	FAM133B
ENSG00000105810	CDK6	NA	protein_coding	92604921	92836573	7	-1	NA	CDK6
ENSG00000205413	SAMD9	NA	protein_coding	93099513	93118023	7	-1	NA	SAMD9
ENSG00000177409	SAMD9L	NA	protein_coding	93130056	93148385	7	-1	NA	SAMD9L
ENSG00000188175	HEPACAM2	NA	protein_coding	93188534	93226469	7	-1	NA	HEPACAM2
ENSG00000004766	VPS50	NA	protein_coding	93232340	93361123	7	1	NA	VPS50
ENSG00000004948	CALCR	NA	protein_coding	93424487	93574730	7	-1	NA	CALCR
ENSG00000127928	GNGT1	NA	protein_coding	93591573	93911265	7	1	NA	GNGT1
ENSG00000105825	TFPI2	NA	protein_coding	93885396	93890753	7	-1	NA	TFPI2
ENSG00000127920	GNG11	NA	protein_coding	93921735	93928610	7	1	NA	GNG11
ENSG00000105829	BET1	NA	protein_coding	93962762	94004382	7	-1	NA	BET1
ENSG00000164692	COL1A2	NA	protein_coding	94394895	94431227	7	1	NA	COL1A2
ENSG00000127995	CASD1	NA	protein_coding	94509219	94557019	7	1	NA	CASD1
ENSG00000127990	SGCE	NA	protein_coding	94524204	94656572	7	-1	NA	SGCE
ENSG00000242265	PEG10	NA	protein_coding	94656325	94669695	7	1	NA	PEG10
ENSG00000158528	PPP1R9A	NA	protein_coding	94907202	95296415	7	1	NA	PPP1R9A
ENSG00000005421	PON1	NA	protein_coding	95297676	95324532	7	-1	NA	PON1
ENSG00000105852	PON3	NA	protein_coding	95359872	95396375	7	-1	NA	PON3
ENSG00000105854	PON2	NA	protein_coding	95404862	95435329	7	-1	NA	PON2
ENSG00000005981	ASB4	NA	protein_coding	95478444	95540233	7	1	NA	ASB4
ENSG00000004799	PDK4	NA	protein_coding	95583499	95596516	7	-1	NA	PDK4
ENSG00000158560	DYNC1I1	NA	protein_coding	95772506	96110322	7	1	NA	DYNC1I1
ENSG00000004864	SLC25A13	NA	protein_coding	96120220	96322147	7	-1	NA	SLC25A13
ENSG00000127922	SEM1	NA	protein_coding	96481626	96709891	7	-1	NA	SEM1
ENSG00000006377	DLX6	NA	protein_coding	97005553	97011040	7	1	NA	DLX6
ENSG00000105880	DLX5	NA	protein_coding	97020396	97024950	7	-1	NA	DLX5
ENSG00000196636	SDHAF3	NA	protein_coding	97117698	97181763	7	1	NA	SDHAF3
ENSG00000006128	TAC1	NA	protein_coding	97732084	97740472	7	1	NA	TAC1
ENSG00000070669	ASNS	NA	protein_coding	97851677	97872542	7	-1	NA	ASNS
ENSG00000135175	OCM2	NA	protein_coding	97984684	97991169	7	-1	NA	OCM2
ENSG00000164715	LMTK2	NA	protein_coding	98106862	98209638	7	1	NA	LMTK2
ENSG00000180535	BHLHA15	NA	protein_coding	98211427	98212979	7	1	NA	BHLHA15
ENSG00000205356	TECPR1	NA	protein_coding	98214624	98252232	7	-1	NA	TECPR1
ENSG00000164713	BRI3	NA	protein_coding	98252379	98310441	7	1	NA	BRI3
ENSG00000006453	BAIAP2L1	NA	protein_coding	98291650	98401090	7	-1	NA	BAIAP2L1
ENSG00000106236	NPTX2	NA	protein_coding	98617285	98629869	7	1	NA	NPTX2
ENSG00000166448	TMEM130	NA	protein_coding	98846488	98870771	7	-1	NA	TMEM130
ENSG00000196367	TRRAP	NA	protein_coding	98877933	99050831	7	1	NA	TRRAP
ENSG00000198742	SMURF1	NA	protein_coding	99027438	99144100	7	-1	NA	SMURF1
ENSG00000185467	KPNA7	NA	protein_coding	99173574	99207506	7	-1	NA	KPNA7
ENSG00000284292	AC004922.1	NA	protein_coding	99325879	99394653	7	1	NA	AC004922.1
ENSG00000241685	ARPC1A	NA	protein_coding	99325898	99366262	7	1	NA	ARPC1A
ENSG00000130429	ARPC1B	NA	protein_coding	99374249	99394816	7	1	NA	ARPC1B
ENSG00000106244	PDAP1	NA	protein_coding	99392048	99408597	7	-1	NA	PDAP1
ENSG00000106245	BUD31	NA	protein_coding	99408641	99419616	7	1	NA	BUD31
ENSG00000106246	PTCD1	NA	protein_coding	99416739	99466163	7	-1	NA	PTCD1
ENSG00000248919	ATP5MF-PTCD1	NA	protein_coding	99419749	99466197	7	-1	NA	ATP5MF-PTCD1
ENSG00000160917	CPSF4	NA	protein_coding	99438922	99457373	7	1	NA	CPSF4
ENSG00000241468	ATP5MF	NA	protein_coding	99448475	99466186	7	-1	NA	ATP5MF
ENSG00000198556	ZNF789	NA	protein_coding	99472890	99503650	7	1	NA	ZNF789
ENSG00000160908	ZNF394	NA	protein_coding	99473877	99504857	7	-1	NA	ZNF394
ENSG00000196652	ZKSCAN5	NA	protein_coding	99504651	99534700	7	1	NA	ZKSCAN5
ENSG00000221909	FAM200A	NA	protein_coding	99546300	99558536	7	-1	NA	FAM200A
ENSG00000197343	ZNF655	NA	protein_coding	99558406	99576453	7	1	NA	ZNF655
ENSG00000272647	AC005020.2	NA	protein_coding	99558695	99607810	7	1	NA	AC005020.2
ENSG00000244219	TMEM225B	NA	protein_coding	99598267	99611045	7	1	NA	TMEM225B
ENSG00000197037	ZSCAN25	NA	protein_coding	99616946	99632408	7	1	NA	ZSCAN25
ENSG00000106258	CYP3A5	NA	protein_coding	99648194	99679998	7	-1	NA	CYP3A5
ENSG00000160870	CYP3A7	NA	protein_coding	99684957	99735196	7	-1	NA	CYP3A7
ENSG00000282301	CYP3A7-CYP3A51P	NA	protein_coding	99685226	99735093	7	-1	NA	CYP3A7-CYP3A51P
ENSG00000160868	CYP3A4	NA	protein_coding	99756960	99784248	7	-1	NA	CYP3A4
ENSG00000021461	CYP3A43	NA	protein_coding	99828013	99866102	7	1	NA	CYP3A43
ENSG00000244623	OR2AE1	NA	protein_coding	99875987	99877057	7	-1	NA	OR2AE1
ENSG00000146833	TRIM4	NA	protein_coding	99876958	99919600	7	-1	NA	TRIM4
ENSG00000176402	GJC3	NA	protein_coding	99923266	99929620	7	-1	NA	GJC3
ENSG00000160862	AZGP1	NA	protein_coding	99966720	99976042	7	-1	NA	AZGP1
ENSG00000106261	ZKSCAN1	NA	protein_coding	100015572	100041689	7	1	NA	ZKSCAN1
ENSG00000166529	ZSCAN21	NA	protein_coding	100049774	100065040	7	1	NA	ZSCAN21
ENSG00000166526	ZNF3	NA	protein_coding	100064033	100082548	7	-1	NA	ZNF3
ENSG00000168090	COPS6	NA	protein_coding	100088969	100092187	7	1	NA	COPS6
ENSG00000166508	MCM7	NA	protein_coding	100092728	100101940	7	-1	NA	MCM7
ENSG00000221838	AP4M1	NA	protein_coding	100101549	100110345	7	1	NA	AP4M1
ENSG00000106290	TAF6	NA	protein_coding	100107070	100119841	7	-1	NA	TAF6
ENSG00000166997	CNPY4	NA	protein_coding	100119634	100125508	7	1	NA	CNPY4
ENSG00000214309	MBLAC1	NA	protein_coding	100126785	100128495	7	1	NA	MBLAC1
ENSG00000188186	LAMTOR4	NA	protein_coding	100148907	100155944	7	1	NA	LAMTOR4
ENSG00000146826	MAP11	NA	protein_coding	100154420	100158723	7	-1	NA	MAP11
ENSG00000197093	GAL3ST4	NA	protein_coding	100159244	100168617	7	-1	NA	GAL3ST4
ENSG00000213420	GPC2	NA	protein_coding	100169606	100177381	7	-1	NA	GPC2
ENSG00000066923	STAG3	NA	protein_coding	100177563	100221488	7	1	NA	STAG3
ENSG00000239521	CASTOR3	NA	protein_coding	100200653	100272232	7	-1	NA	CASTOR3
ENSG00000213413	PVRIG	NA	protein_coding	100218241	100221490	7	1	NA	PVRIG
ENSG00000214300	SPDYE3	NA	protein_coding	100307702	100322196	7	1	NA	SPDYE3
ENSG00000121716	PILRB	NA	protein_coding	100352176	100367733	7	1	NA	PILRB
ENSG00000085514	PILRA	NA	protein_coding	100367530	100400096	7	1	NA	PILRA
ENSG00000078487	ZCWPW1	NA	protein_coding	100400826	100428992	7	-1	NA	ZCWPW1
ENSG00000146834	MEPCE	NA	protein_coding	100428790	100434118	7	1	NA	MEPCE
ENSG00000160813	PPP1R35	NA	protein_coding	100435282	100436497	7	-1	NA	PPP1R35
ENSG00000185955	C7orf61	NA	protein_coding	100456620	100464260	7	-1	NA	C7orf61
ENSG00000166925	TSC22D4	NA	protein_coding	100463359	100479232	7	-1	NA	TSC22D4
ENSG00000166924	NYAP1	NA	protein_coding	100483927	100494802	7	1	NA	NYAP1
ENSG00000106351	AGFG2	NA	protein_coding	100539203	100568220	7	1	NA	AGFG2
ENSG00000205307	SAP25	NA	protein_coding	100572228	100573900	7	-1	NA	SAP25
ENSG00000077454	LRCH4	NA	protein_coding	100574011	100586129	7	-1	NA	LRCH4
ENSG00000106336	FBXO24	NA	protein_coding	100583982	100601117	7	1	NA	FBXO24
ENSG00000106333	PCOLCE	NA	protein_coding	100602363	100608175	7	1	NA	PCOLCE
ENSG00000106330	MOSPD3	NA	protein_coding	100612102	100615384	7	1	NA	MOSPD3
ENSG00000106327	TFR2	NA	protein_coding	100620416	100642779	7	-1	NA	TFR2
ENSG00000077080	ACTL6B	NA	protein_coding	100643097	100656448	7	-1	NA	ACTL6B
ENSG00000172354	GNB2	NA	protein_coding	100673567	100679174	7	1	NA	GNB2
ENSG00000146830	GIGYF1	NA	protein_coding	100679507	100694037	7	-1	NA	GIGYF1
ENSG00000172336	POP7	NA	protein_coding	100706121	100707486	7	1	NA	POP7
ENSG00000130427	EPO	NA	protein_coding	100720468	100723700	7	1	NA	EPO
ENSG00000146839	ZAN	NA	protein_coding	100733595	100797797	7	1	NA	ZAN
ENSG00000196411	EPHB4	NA	protein_coding	100802565	100827523	7	-1	NA	EPHB4
ENSG00000146828	SLC12A9	NA	protein_coding	100826820	100867010	7	1	NA	SLC12A9
ENSG00000087077	TRIP6	NA	protein_coding	100867387	100873454	7	1	NA	TRIP6
ENSG00000087087	SRRT	NA	protein_coding	100875103	100888664	7	1	NA	SRRT
ENSG00000176125	UFSP1	NA	protein_coding	100888721	100889715	7	-1	NA	UFSP1
ENSG00000087085	ACHE	NA	protein_coding	100889994	100896974	7	-1	NA	ACHE
ENSG00000169894	MUC3A	NA	protein_coding	100949534	100968347	7	1	NA	MUC3A
ENSG00000205277	MUC12	NA	protein_coding	100969623	101018949	7	1	NA	MUC12
ENSG00000169876	MUC17	NA	protein_coding	101020072	101058859	7	1	NA	MUC17
ENSG00000169871	TRIM56	NA	protein_coding	101085481	101097967	7	1	NA	TRIM56
ENSG00000106366	SERPINE1	NA	protein_coding	101127104	101139247	7	1	NA	SERPINE1
ENSG00000106367	AP1S1	NA	protein_coding	101154456	101161596	7	1	NA	AP1S1
ENSG00000128564	VGF	NA	protein_coding	101162509	101165569	7	-1	NA	VGF
ENSG00000167011	NAT16	NA	protein_coding	101170496	101180293	7	-1	NA	NAT16
ENSG00000106384	MOGAT3	NA	protein_coding	101195007	101201038	7	-1	NA	MOGAT3
ENSG00000106397	PLOD3	NA	protein_coding	101205977	101218420	7	-1	NA	PLOD3
ENSG00000106400	ZNHIT1	NA	protein_coding	101218165	101224190	7	1	NA	ZNHIT1
ENSG00000106404	CLDN15	NA	protein_coding	101232092	101238820	7	-1	NA	CLDN15
ENSG00000214253	FIS1	NA	protein_coding	101239458	101252316	7	-1	NA	FIS1
ENSG00000128581	IFT22	NA	protein_coding	101310914	101321823	7	-1	NA	IFT22
ENSG00000160963	COL26A1	NA	protein_coding	101362875	101559024	7	1	NA	COL26A1
ENSG00000106436	MYL10	NA	protein_coding	101613330	101629296	7	-1	NA	MYL10
ENSG00000257923	CUX1	NA	protein_coding	101815904	102283958	7	1	NA	CUX1
ENSG00000160999	SH2B2	NA	protein_coding	102285091	102321711	7	1	NA	SH2B2
ENSG00000260097	SPDYE6	NA	protein_coding	102345746	102356444	7	-1	NA	SPDYE6
ENSG00000128563	PRKRIP1	NA	protein_coding	102363872	102426676	7	1	NA	PRKRIP1
ENSG00000160991	ORAI2	NA	protein_coding	102433106	102456825	7	1	NA	ORAI2
ENSG00000160993	ALKBH4	NA	protein_coding	102456238	102464863	7	-1	NA	ALKBH4
ENSG00000161036	LRWD1	NA	protein_coding	102464956	102473168	7	1	NA	LRWD1
ENSG00000005075	POLR2J	NA	protein_coding	102473118	102478907	7	-1	NA	POLR2J
ENSG00000170667	RASA4B	NA	protein_coding	102482445	102517781	7	-1	NA	RASA4B
ENSG00000168255	POLR2J3	NA	protein_coding	102537918	102572653	7	-1	NA	POLR2J3
ENSG00000284981	UPK3BL2	NA	protein_coding	102538417	102543849	7	-1	NA	UPK3BL2
ENSG00000270249	AC093668.1	NA	protein_coding	102541501	102592444	7	-1	NA	AC093668.1
ENSG00000205238	SPDYE2	NA	protein_coding	102551232	102562308	7	1	NA	SPDYE2
ENSG00000285437	POLR2J3	NA	protein_coding	102562133	102572583	7	-1	NA	POLR2J3
ENSG00000105808	RASA4	NA	protein_coding	102573807	102616756	7	-1	NA	RASA4
ENSG00000205236	AC105052.1	NA	protein_coding	102582523	102642869	7	-1	NA	AC105052.1
ENSG00000267368	UPK3BL1	NA	protein_coding	102637025	102642791	7	-1	NA	UPK3BL1
ENSG00000267645	AC105052.3	NA	protein_coding	102637049	102671641	7	-1	NA	AC105052.3
ENSG00000173678	SPDYE2B	NA	protein_coding	102650325	102661398	7	1	NA	SPDYE2B
ENSG00000228049	POLR2J2	NA	protein_coding	102665368	102671629	7	-1	NA	POLR2J2
ENSG00000222011	FAM185A	NA	protein_coding	102748971	102809225	7	1	NA	FAM185A
ENSG00000161040	FBXL13	NA	protein_coding	102813230	103074843	7	-1	NA	FBXL13
ENSG00000128606	LRRC17	NA	protein_coding	102913000	102945111	7	1	NA	LRRC17
ENSG00000170632	ARMC10	NA	protein_coding	103074881	103099759	7	1	NA	ARMC10
ENSG00000161048	NAPEPLD	NA	protein_coding	103099776	103149560	7	-1	NA	NAPEPLD
ENSG00000105819	PMPCB	NA	protein_coding	103297435	103329511	7	1	NA	PMPCB
ENSG00000105821	DNAJC2	NA	protein_coding	103312289	103344830	7	-1	NA	DNAJC2
ENSG00000161057	PSMC2	NA	protein_coding	103344254	103369395	7	1	NA	PSMC2
ENSG00000170615	SLC26A5	NA	protein_coding	103352730	103446207	7	-1	NA	SLC26A5
ENSG00000189056	RELN	NA	protein_coding	103471784	103989658	7	-1	NA	RELN
ENSG00000164815	ORC5	NA	protein_coding	104126341	104208047	7	-1	NA	ORC5
ENSG00000187416	LHFPL3	NA	protein_coding	104328700	104907232	7	1	NA	LHFPL3
ENSG00000005483	KMT2E	NA	protein_coding	105014190	105115019	7	1	NA	KMT2E
ENSG00000135250	SRPK2	NA	protein_coding	105110704	105399308	7	-1	NA	SRPK2
ENSG00000091127	PUS7	NA	protein_coding	105439661	105522271	7	-1	NA	PUS7
ENSG00000135249	RINT1	NA	protein_coding	105532169	105567677	7	1	NA	RINT1
ENSG00000185055	EFCAB10	NA	protein_coding	105565120	105600875	7	-1	NA	EFCAB10
ENSG00000146776	ATXN7L1	NA	protein_coding	105605067	105876604	7	-1	NA	ATXN7L1
ENSG00000128536	CDHR3	NA	protein_coding	105876796	106036432	7	1	NA	CDHR3
ENSG00000008282	SYPL1	NA	protein_coding	106090503	106112576	7	-1	NA	SYPL1
ENSG00000105835	NAMPT	NA	protein_coding	106248298	106286326	7	-1	NA	NAMPT
ENSG00000253276	CCDC71L	NA	protein_coding	106654360	106661158	7	-1	NA	CCDC71L
ENSG00000105851	PIK3CG	NA	protein_coding	106865278	106908980	7	1	NA	PIK3CG
ENSG00000005249	PRKAR2B	NA	protein_coding	107044705	107161811	7	1	NA	PRKAR2B
ENSG00000105856	HBP1	NA	protein_coding	107168961	107202522	7	1	NA	HBP1
ENSG00000164597	COG5	NA	protein_coding	107201555	107564514	7	-1	NA	COG5
ENSG00000172209	GPR22	NA	protein_coding	107470018	107475684	7	1	NA	GPR22
ENSG00000105865	DUS4L	NA	protein_coding	107563484	107578523	7	1	NA	DUS4L
ENSG00000288558	DUS4L-BCAP29	NA	protein_coding	107563971	107623317	7	1	NA	DUS4L-BCAP29
ENSG00000075790	BCAP29	NA	protein_coding	107579977	107629170	7	1	NA	BCAP29
ENSG00000091137	SLC26A4	NA	protein_coding	107660828	107717809	7	1	NA	SLC26A4
ENSG00000105879	CBLL1	NA	protein_coding	107743949	107761667	7	1	NA	CBLL1
ENSG00000091138	SLC26A3	NA	protein_coding	107765467	107803225	7	-1	NA	SLC26A3
ENSG00000091140	DLD	NA	protein_coding	107891162	107931730	7	1	NA	DLD
ENSG00000091136	LAMB1	NA	protein_coding	107923799	108003187	7	-1	NA	LAMB1
ENSG00000091128	LAMB4	NA	protein_coding	108023548	108130361	7	-1	NA	LAMB4
ENSG00000091129	NRCAM	NA	protein_coding	108147623	108456717	7	-1	NA	NRCAM
ENSG00000135241	PNPLA8	NA	protein_coding	108470417	108569666	7	-1	NA	PNPLA8
ENSG00000177683	THAP5	NA	protein_coding	108554543	108569750	7	-1	NA	THAP5
ENSG00000128590	DNAJB9	NA	protein_coding	108569867	108574850	7	1	NA	DNAJB9
ENSG00000184903	IMMP2L	NA	protein_coding	110662644	111562517	7	-1	NA	IMMP2L
ENSG00000173114	LRRN3	NA	protein_coding	111091006	111125454	7	1	NA	LRRN3
ENSG00000128512	DOCK4	NA	protein_coding	111726110	112206407	7	-1	NA	DOCK4
ENSG00000198839	ZNF277	NA	protein_coding	112206695	112343934	7	1	NA	ZNF277
ENSG00000006652	IFRD1	NA	protein_coding	112422968	112481017	7	1	NA	IFRD1
ENSG00000181016	LSMEM1	NA	protein_coding	112480853	112491062	7	1	NA	LSMEM1
ENSG00000146802	TMEM168	NA	protein_coding	112762377	112790423	7	-1	NA	TMEM168
ENSG00000164603	BMT2	NA	protein_coding	112819147	112939875	7	-1	NA	BMT2
ENSG00000164604	GPR85	NA	protein_coding	113078331	113087778	7	-1	NA	GPR85
ENSG00000214194	SMIM30	NA	protein_coding	113116718	113118560	7	-1	NA	SMIM30
ENSG00000154415	PPP1R3A	NA	protein_coding	113876777	114075920	7	-1	NA	PPP1R3A
ENSG00000128573	FOXP2	NA	protein_coding	114086327	114693772	7	1	NA	FOXP2
ENSG00000135272	MDFIC	NA	protein_coding	114922154	115019202	7	1	NA	MDFIC
ENSG00000105967	TFEC	NA	protein_coding	115935148	116159896	7	-1	NA	TFEC
ENSG00000135269	TES	NA	protein_coding	116210506	116258783	7	1	NA	TES
ENSG00000105971	CAV2	NA	protein_coding	116287380	116508541	7	1	NA	CAV2
ENSG00000105974	CAV1	NA	protein_coding	116525001	116561184	7	1	NA	CAV1
ENSG00000105976	MET	NA	protein_coding	116672196	116798386	7	1	NA	MET
ENSG00000198898	CAPZA2	NA	protein_coding	116811070	116922049	7	1	NA	CAPZA2
ENSG00000004866	ST7	NA	protein_coding	116953238	117230103	7	1	NA	ST7
ENSG00000105989	WNT2	NA	protein_coding	117275451	117323152	7	-1	NA	WNT2
ENSG00000001626	CFTR	NA	protein_coding	117287120	117715971	7	1	NA	CFTR
ENSG00000154438	ASZ1	NA	protein_coding	117363222	117428123	7	-1	NA	ASZ1
ENSG00000077063	CTTNBP2	NA	protein_coding	117710651	117874139	7	-1	NA	CTTNBP2
ENSG00000128534	LSM8	NA	protein_coding	118184144	118204035	7	1	NA	LSM8
ENSG00000106013	ANKRD7	NA	protein_coding	118214669	118496171	7	1	NA	ANKRD7
ENSG00000184408	KCND2	NA	protein_coding	120273175	120750337	7	1	NA	KCND2
ENSG00000106025	TSPAN12	NA	protein_coding	120787320	120858402	7	-1	NA	TSPAN12
ENSG00000071243	ING3	NA	protein_coding	120950763	120977216	7	1	NA	ING3
ENSG00000106034	CPED1	NA	protein_coding	120988697	121297442	7	1	NA	CPED1
ENSG00000002745	WNT16	NA	protein_coding	121325367	121341104	7	1	NA	WNT16
ENSG00000196937	FAM3C	NA	protein_coding	121348878	121396364	7	-1	NA	FAM3C
ENSG00000106278	PTPRZ1	NA	protein_coding	121873089	122062036	7	1	NA	PTPRZ1
ENSG00000008311	AASS	NA	protein_coding	122073549	122144255	7	-1	NA	AASS
ENSG00000128610	FEZF1	NA	protein_coding	122301303	122310691	7	-1	NA	FEZF1
ENSG00000081803	CADPS2	NA	protein_coding	122318411	122886759	7	-1	NA	CADPS2
ENSG00000188050	RNF133	NA	protein_coding	122697735	122699117	7	-1	NA	RNF133
ENSG00000235631	RNF148	NA	protein_coding	122701668	122702922	7	-1	NA	RNF148
ENSG00000128519	TAS2R16	NA	protein_coding	122994704	122995700	7	-1	NA	TAS2R16
ENSG00000081800	SLC13A1	NA	protein_coding	123113531	123199972	7	-1	NA	SLC13A1
ENSG00000164675	IQUB	NA	protein_coding	123452193	123535077	7	-1	NA	IQUB
ENSG00000128609	NDUFA5	NA	protein_coding	123536997	123557904	7	-1	NA	NDUFA5
ENSG00000146809	ASB15	NA	protein_coding	123567010	123639481	7	1	NA	ASB15
ENSG00000170807	LMOD2	NA	protein_coding	123655866	123664290	7	1	NA	LMOD2
ENSG00000106299	WASL	NA	protein_coding	123681943	123749003	7	-1	NA	WASL
ENSG00000106302	HYAL4	NA	protein_coding	123828983	123877481	7	1	NA	HYAL4
ENSG00000106304	SPAM1	NA	protein_coding	123925237	123971414	7	1	NA	SPAM1
ENSG00000234224	TMEM229A	NA	protein_coding	124030921	124033067	7	-1	NA	TMEM229A
ENSG00000230268	SSU72P8	NA	protein_coding	124476371	124476955	7	1	NA	SSU72P8
ENSG00000170775	GPR37	NA	protein_coding	124743885	124765792	7	-1	NA	GPR37
ENSG00000275356	C7orf77	NA	protein_coding	124777292	124790810	7	-1	NA	C7orf77
ENSG00000128513	POT1	NA	protein_coding	124822386	124929983	7	-1	NA	POT1
ENSG00000179603	GRM8	NA	protein_coding	126438598	127253093	7	-1	NA	GRM8
ENSG00000048405	ZNF800	NA	protein_coding	127346790	127431924	7	-1	NA	ZNF800
ENSG00000179562	GCC1	NA	protein_coding	127580628	127593611	7	-1	NA	GCC1
ENSG00000004059	ARF5	NA	protein_coding	127588386	127591700	7	1	NA	ARF5
ENSG00000106328	FSCN3	NA	protein_coding	127591409	127602144	7	1	NA	FSCN3
ENSG00000106331	PAX4	NA	protein_coding	127610292	127618142	7	-1	NA	PAX4
ENSG00000197157	SND1	NA	protein_coding	127652194	128092609	7	1	NA	SND1
ENSG00000128594	LRRC4	NA	protein_coding	128027071	128032107	7	-1	NA	LRRC4
ENSG00000174697	LEP	NA	protein_coding	128241278	128257629	7	1	NA	LEP
ENSG00000106344	RBM28	NA	protein_coding	128297685	128343908	7	-1	NA	RBM28
ENSG00000224940	PRRT4	NA	protein_coding	128350325	128361685	7	-1	NA	PRRT4
ENSG00000106348	IMPDH1	NA	protein_coding	128392277	128410252	7	-1	NA	IMPDH1
ENSG00000135245	HILPDA	NA	protein_coding	128455849	128458418	7	1	NA	HILPDA
ENSG00000165055	METTL2B	NA	protein_coding	128476729	128506602	7	1	NA	METTL2B
ENSG00000205085	FAM71F2	NA	protein_coding	128672288	128687872	7	1	NA	FAM71F2
ENSG00000135248	FAM71F1	NA	protein_coding	128709061	128731743	7	1	NA	FAM71F1
ENSG00000128595	CALU	NA	protein_coding	128739292	128773400	7	1	NA	CALU
ENSG00000128617	OPN1SW	NA	protein_coding	128772491	128775790	7	-1	NA	OPN1SW
ENSG00000128596	CCDC136	NA	protein_coding	128790757	128822132	7	1	NA	CCDC136
ENSG00000128591	FLNC	NA	protein_coding	128830377	128859274	7	1	NA	FLNC
ENSG00000135253	KCP	NA	protein_coding	128862451	128910719	7	-1	NA	KCP
ENSG00000128524	ATP6V1F	NA	protein_coding	128862856	128865847	7	1	NA	ATP6V1F
ENSG00000272899	ATP6V1FNB	NA	protein_coding	128866330	128872047	7	1	NA	ATP6V1FNB
ENSG00000128604	IRF5	NA	protein_coding	128937457	128950038	7	1	NA	IRF5
ENSG00000064419	TNPO3	NA	protein_coding	128954180	129055173	7	-1	NA	TNPO3
ENSG00000230626	AC011005.1	NA	protein_coding	129126518	129130793	7	1	NA	AC011005.1
ENSG00000158457	TSPAN33	NA	protein_coding	129144707	129169699	7	1	NA	TSPAN33
ENSG00000128602	SMO	NA	protein_coding	129188633	129213545	7	1	NA	SMO
ENSG00000158467	AHCYL2	NA	protein_coding	129225023	129430211	7	1	NA	AHCYL2
ENSG00000128578	STRIP2	NA	protein_coding	129434432	129488399	7	1	NA	STRIP2
ENSG00000240204	SMKR1	NA	protein_coding	129502531	129512918	7	1	NA	SMKR1
ENSG00000106459	NRF1	NA	protein_coding	129611720	129757082	7	1	NA	NRF1
ENSG00000186591	UBE2H	NA	protein_coding	129830732	129952960	7	-1	NA	UBE2H
ENSG00000091732	ZC3HC1	NA	protein_coding	130018287	130051451	7	-1	NA	ZC3HC1
ENSG00000128607	KLHDC10	NA	protein_coding	130070534	130135705	7	1	NA	KLHDC10
ENSG00000146842	TMEM209	NA	protein_coding	130164713	130207770	7	-1	NA	TMEM209
ENSG00000165120	SSMEM1	NA	protein_coding	130206344	130216844	7	1	NA	SSMEM1
ENSG00000158516	CPA2	NA	protein_coding	130266863	130289798	7	1	NA	CPA2
ENSG00000128510	CPA4	NA	protein_coding	130293134	130324180	7	1	NA	CPA4
ENSG00000158525	CPA5	NA	protein_coding	130344816	130368730	7	1	NA	CPA5
ENSG00000091704	CPA1	NA	protein_coding	130380339	130388114	7	1	NA	CPA1
ENSG00000106477	CEP41	NA	protein_coding	130393771	130442433	7	-1	NA	CEP41
ENSG00000106484	MEST	NA	protein_coding	130486171	130506465	7	1	NA	MEST
ENSG00000158623	COPG2	NA	protein_coding	130506238	130668748	7	-1	NA	COPG2
ENSG00000213265	TSGA13	NA	protein_coding	130668648	130687432	7	-1	NA	TSGA13
ENSG00000266265	KLF14	NA	protein_coding	130731235	130734176	7	-1	NA	KLF14
ENSG00000128585	MKLN1	NA	protein_coding	131110096	131496632	7	1	NA	MKLN1
ENSG00000128567	PODXL	NA	protein_coding	131500262	131558217	7	-1	NA	PODXL
ENSG00000221866	PLXNA4	NA	protein_coding	132123332	132648688	7	-1	NA	PLXNA4
ENSG00000106554	CHCHD3	NA	protein_coding	132784870	133082090	7	-1	NA	CHCHD3
ENSG00000131558	EXOC4	NA	protein_coding	133253073	134066589	7	1	NA	EXOC4
ENSG00000155530	LRGUK	NA	protein_coding	134127299	134264591	7	1	NA	LRGUK
ENSG00000205060	SLC35B4	NA	protein_coding	134289332	134316930	7	-1	NA	SLC35B4
ENSG00000085662	AKR1B1	NA	protein_coding	134442356	134459284	7	-1	NA	AKR1B1
ENSG00000198074	AKR1B10	NA	protein_coding	134527567	134541412	7	1	NA	AKR1B10
ENSG00000227471	AKR1B15	NA	protein_coding	134549110	134579875	7	1	NA	AKR1B15
ENSG00000172331	BPGM	NA	protein_coding	134646811	134679816	7	1	NA	BPGM
ENSG00000122786	CALD1	NA	protein_coding	134744252	134970729	7	1	NA	CALD1
ENSG00000146856	AGBL3	NA	protein_coding	134986508	135147963	7	1	NA	AGBL3
ENSG00000122783	CYREN	NA	protein_coding	135092363	135170795	7	-1	NA	CYREN
ENSG00000146859	TMEM140	NA	protein_coding	135148072	135166215	7	1	NA	TMEM140
ENSG00000105875	WDR91	NA	protein_coding	135183839	135211534	7	-1	NA	WDR91
ENSG00000146857	STRA8	NA	protein_coding	135231979	135258492	7	1	NA	STRA8
ENSG00000080802	CNOT4	NA	protein_coding	135361795	135510127	7	-1	NA	CNOT4
ENSG00000155561	NUP205	NA	protein_coding	135557917	135648757	7	1	NA	NUP205
ENSG00000243317	STMP1	NA	protein_coding	135662496	135693418	7	1	NA	STMP1
ENSG00000164707	SLC13A4	NA	protein_coding	135681237	135729258	7	-1	NA	SLC13A4
ENSG00000189320	FAM180A	NA	protein_coding	135728348	135748813	7	-1	NA	FAM180A
ENSG00000105887	MTPN	NA	protein_coding	135926760	135977359	7	-1	NA	MTPN
ENSG00000181072	CHRM2	NA	protein_coding	136868669	137020255	7	1	NA	CHRM2
ENSG00000105894	PTN	NA	protein_coding	137227341	137343774	7	-1	NA	PTN
ENSG00000157680	DGKI	NA	protein_coding	137381037	137847092	7	-1	NA	DGKI
ENSG00000182158	CREB3L2	NA	protein_coding	137874979	138002086	7	-1	NA	CREB3L2
ENSG00000122787	AKR1D1	NA	protein_coding	138002324	138118305	7	1	NA	AKR1D1
ENSG00000122779	TRIM24	NA	protein_coding	138460259	138589996	7	1	NA	TRIM24
ENSG00000157703	SVOPL	NA	protein_coding	138594285	138701362	7	-1	NA	SVOPL
ENSG00000105929	ATP6V0A4	NA	protein_coding	138706294	138799560	7	-1	NA	ATP6V0A4
ENSG00000214128	TMEM213	NA	protein_coding	138797952	138838101	7	1	NA	TMEM213
ENSG00000122778	KIAA1549	NA	protein_coding	138831381	138981389	7	-1	NA	KIAA1549
ENSG00000146858	ZC3HAV1L	NA	protein_coding	139025706	139036042	7	-1	NA	ZC3HAV1L
ENSG00000105939	ZC3HAV1	NA	protein_coding	139043515	139109720	7	-1	NA	ZC3HAV1
ENSG00000105948	TTC26	NA	protein_coding	139133744	139191986	7	1	NA	TTC26
ENSG00000157741	UBN2	NA	protein_coding	139230356	139308236	7	1	NA	UBN2
ENSG00000164898	FMC1	NA	protein_coding	139339457	139346328	7	1	NA	FMC1
ENSG00000146963	LUC7L2	NA	protein_coding	139340359	139423457	7	1	NA	LUC7L2
ENSG00000269955	FMC1-LUC7L2	NA	protein_coding	139341360	139422599	7	1	NA	FMC1-LUC7L2
ENSG00000188883	KLRG2	NA	protein_coding	139452690	139483673	7	-1	NA	KLRG2
ENSG00000236279	CLEC2L	NA	protein_coding	139523685	139544985	7	1	NA	CLEC2L
ENSG00000064393	HIPK2	NA	protein_coding	139561570	139777998	7	-1	NA	HIPK2
ENSG00000059377	TBXAS1	NA	protein_coding	139777051	140020325	7	1	NA	TBXAS1
ENSG00000059378	PARP12	NA	protein_coding	140023749	140062951	7	-1	NA	PARP12
ENSG00000006459	KDM7A	NA	protein_coding	140084746	140176983	7	-1	NA	KDM7A
ENSG00000157800	SLC37A3	NA	protein_coding	140293693	140404433	7	-1	NA	SLC37A3
ENSG00000146955	RAB19	NA	protein_coding	140404058	140427974	7	1	NA	RAB19
ENSG00000133606	MKRN1	NA	protein_coding	140453033	140479536	7	-1	NA	MKRN1
ENSG00000146966	DENND2A	NA	protein_coding	140518420	140673993	7	-1	NA	DENND2A
ENSG00000133597	ADCK2	NA	protein_coding	140672945	140696261	7	1	NA	ADCK2
ENSG00000090266	NDUFB2	NA	protein_coding	140690777	140722790	7	1	NA	NDUFB2
ENSG00000157764	BRAF	NA	protein_coding	140719327	140924928	7	-1	NA	BRAF
ENSG00000090263	MRPS33	NA	protein_coding	141002610	141015228	7	-1	NA	MRPS33
ENSG00000261115	TMEM178B	NA	protein_coding	141074064	141480380	7	1	NA	TMEM178B
ENSG00000006530	AGK	NA	protein_coding	141551278	141655244	7	1	NA	AGK
ENSG00000257093	DENND11	NA	protein_coding	141656728	141702166	7	-1	NA	DENND11
ENSG00000214102	WEE2	NA	protein_coding	141708353	141731271	7	1	NA	WEE2
ENSG00000106028	SSBP1	NA	protein_coding	141738334	141787922	7	1	NA	SSBP1
ENSG00000127362	TAS2R3	NA	protein_coding	141764097	141765197	7	1	NA	TAS2R3
ENSG00000127364	TAS2R4	NA	protein_coding	141776674	141781691	7	1	NA	TAS2R4
ENSG00000127366	TAS2R5	NA	protein_coding	141790217	141791367	7	1	NA	TAS2R5
ENSG00000165076	PRSS37	NA	protein_coding	141836300	141841487	7	-1	NA	PRSS37
ENSG00000257335	MGAM	NA	protein_coding	141907813	142106747	7	1	NA	MGAM
ENSG00000258083	OR9A4	NA	protein_coding	141916399	141920625	7	1	NA	OR9A4
ENSG00000258227	CLEC5A	NA	protein_coding	141927357	141947007	7	-1	NA	CLEC5A
ENSG00000257138	TAS2R38	NA	protein_coding	141972631	141973773	7	-1	NA	TAS2R38
ENSG00000257743	MGAM2	NA	protein_coding	142111749	142222324	7	1	NA	MGAM2
ENSG00000258223	PRSS58	NA	protein_coding	142252143	142258058	7	-1	NA	PRSS58
ENSG00000270672	MTRNR2L6	NA	protein_coding	142666272	142667718	7	1	NA	MTRNR2L6
ENSG00000204983	PRSS1	NA	protein_coding	142749468	142753076	7	1	NA	PRSS1
ENSG00000275896	PRSS2	NA	protein_coding	142760398	142774564	7	1	NA	PRSS2
ENSG00000106123	EPHB6	NA	protein_coding	142855061	142871094	7	1	NA	EPHB6
ENSG00000165125	TRPV6	NA	protein_coding	142871208	142885745	7	-1	NA	TRPV6
ENSG00000127412	TRPV5	NA	protein_coding	142908101	142933746	7	-1	NA	TRPV5
ENSG00000165131	LLCFC1	NA	protein_coding	142939343	142940865	7	1	NA	LLCFC1
ENSG00000197993	KEL	NA	protein_coding	142941114	142962363	7	-1	NA	KEL
ENSG00000179468	OR9A2	NA	protein_coding	143026158	143027195	7	-1	NA	OR9A2
ENSG00000225781	OR6V1	NA	protein_coding	143052320	143053347	7	1	NA	OR6V1
ENSG00000159763	PIP	NA	protein_coding	143132077	143139739	7	1	NA	PIP
ENSG00000236398	TAS2R39	NA	protein_coding	143183419	143184435	7	1	NA	TAS2R39
ENSG00000221937	TAS2R40	NA	protein_coding	143222037	143223079	7	1	NA	TAS2R40
ENSG00000197448	GSTK1	NA	protein_coding	143244093	143270854	7	1	NA	GSTK1
ENSG00000178826	TMEM139	NA	protein_coding	143279957	143288048	7	1	NA	TMEM139
ENSG00000106144	CASP2	NA	protein_coding	143288215	143307696	7	1	NA	CASP2
ENSG00000188037	CLCN1	NA	protein_coding	143316111	143352083	7	1	NA	CLCN1
ENSG00000159784	FAM131B	NA	protein_coding	143353400	143362770	7	-1	NA	FAM131B
ENSG00000159840	ZYX	NA	protein_coding	143381295	143391111	7	1	NA	ZYX
ENSG00000146904	EPHA1	NA	protein_coding	143390289	143408856	7	-1	NA	EPHA1
ENSG00000185899	TAS2R60	NA	protein_coding	143443453	143444409	7	1	NA	TAS2R60
ENSG00000221855	TAS2R41	NA	protein_coding	143477873	143478796	7	1	NA	TAS2R41
ENSG00000271079	CTAGE15	NA	protein_coding	143571801	143574387	7	1	NA	CTAGE15
ENSG00000170379	TCAF2	NA	protein_coding	143620952	143730409	7	1	NA	TCAF2
ENSG00000283528	TCAF2C	NA	protein_coding	143639230	143647646	7	-1	NA	TCAF2C
ENSG00000271321	CTAGE6	NA	protein_coding	143755089	143757696	7	-1	NA	CTAGE6
ENSG00000198420	TCAF1	NA	protein_coding	143851375	143902198	7	-1	NA	TCAF1
ENSG00000221910	OR2F2	NA	protein_coding	143935166	143936279	7	1	NA	OR2F2
ENSG00000213215	OR2F1	NA	protein_coding	143954844	143997312	7	1	NA	OR2F1
ENSG00000221813	OR6B1	NA	protein_coding	144000320	144008793	7	1	NA	OR6B1
ENSG00000221836	OR2A5	NA	protein_coding	144048948	144058845	7	1	NA	OR2A5
ENSG00000221933	OR2A25	NA	protein_coding	144069811	144075870	7	1	NA	OR2A25
ENSG00000221858	OR2A12	NA	protein_coding	144086278	144098953	7	1	NA	OR2A12
ENSG00000221989	OR2A2	NA	protein_coding	144109514	144110564	7	1	NA	OR2A2
ENSG00000221938	OR2A14	NA	protein_coding	144123176	144131188	7	1	NA	OR2A14
ENSG00000225932	CTAGE4	NA	protein_coding	144183466	144186053	7	1	NA	CTAGE4
ENSG00000213214	ARHGEF35	NA	protein_coding	144186083	144195833	7	-1	NA	ARHGEF35
ENSG00000212807	OR2A42	NA	protein_coding	144228244	144239605	7	-1	NA	OR2A42
ENSG00000243896	OR2A7	NA	protein_coding	144257663	144264792	7	-1	NA	OR2A7
ENSG00000244693	CTAGE8	NA	protein_coding	144266701	144269288	7	-1	NA	CTAGE8
ENSG00000221970	OR2A1	NA	protein_coding	144312464	144322668	7	1	NA	OR2A1
ENSG00000050327	ARHGEF5	NA	protein_coding	144355288	144380632	7	1	NA	ARHGEF5
ENSG00000106410	NOBOX	NA	protein_coding	144397240	144410227	7	-1	NA	NOBOX
ENSG00000196511	TPK1	NA	protein_coding	144451941	144836395	7	-1	NA	TPK1
ENSG00000174469	CNTNAP2	NA	protein_coding	146116002	148420998	7	1	NA	CNTNAP2
ENSG00000170279	C7orf33	NA	protein_coding	148590766	148615860	7	1	NA	C7orf33
ENSG00000055130	CUL1	NA	protein_coding	148697914	148801110	7	1	NA	CUL1
ENSG00000106462	EZH2	NA	protein_coding	148807383	148884321	7	-1	NA	EZH2
ENSG00000155660	PDIA4	NA	protein_coding	149003062	149028662	7	-1	NA	PDIA4
ENSG00000197362	ZNF786	NA	protein_coding	149069641	149090782	7	-1	NA	ZNF786
ENSG00000204947	ZNF425	NA	protein_coding	149102784	149126324	7	-1	NA	ZNF425
ENSG00000197024	ZNF398	NA	protein_coding	149126416	149183042	7	1	NA	ZNF398
ENSG00000170265	ZNF282	NA	protein_coding	149195546	149226238	7	1	NA	ZNF282
ENSG00000170260	ZNF212	NA	protein_coding	149239651	149255606	7	1	NA	ZNF212
ENSG00000204946	ZNF783	NA	protein_coding	149262171	149297302	7	1	NA	ZNF783
ENSG00000196453	ZNF777	NA	protein_coding	149431363	149461062	7	-1	NA	ZNF777
ENSG00000181220	ZNF746	NA	protein_coding	149472696	149497817	7	-1	NA	ZNF746
ENSG00000133619	KRBA1	NA	protein_coding	149714781	149734575	7	1	NA	KRBA1
ENSG00000181444	ZNF467	NA	protein_coding	149764182	149773588	7	-1	NA	ZNF467
ENSG00000106479	ZNF862	NA	protein_coding	149838375	149867479	7	1	NA	ZNF862
ENSG00000171130	ATP6V0E2	NA	protein_coding	149872968	149891204	7	1	NA	ATP6V0E2
ENSG00000106526	ACTR3C	NA	protein_coding	150243916	150323725	7	-1	NA	ACTR3C
ENSG00000188707	ZBED6CL	NA	protein_coding	150322639	150332721	7	1	NA	ZBED6CL
ENSG00000127399	LRRC61	NA	protein_coding	150323263	150338156	7	1	NA	LRRC61
ENSG00000106538	RARRES2	NA	protein_coding	150338317	150341662	7	-1	NA	RARRES2
ENSG00000214022	REPIN1	NA	protein_coding	150368189	150374044	7	1	NA	REPIN1
ENSG00000196456	ZNF775	NA	protein_coding	150368790	150398630	7	1	NA	ZNF775
ENSG00000284691	AC073111.4	NA	protein_coding	150400702	150412470	7	1	NA	AC073111.4
ENSG00000171115	GIMAP8	NA	protein_coding	150450630	150479393	7	1	NA	GIMAP8
ENSG00000179144	GIMAP7	NA	protein_coding	150514872	150521073	7	1	NA	GIMAP7
ENSG00000133574	GIMAP4	NA	protein_coding	150567369	150573953	7	1	NA	GIMAP4
ENSG00000133561	GIMAP6	NA	protein_coding	150625375	150632648	7	-1	NA	GIMAP6
ENSG00000106560	GIMAP2	NA	protein_coding	150685697	150693641	7	1	NA	GIMAP2
ENSG00000213203	GIMAP1	NA	protein_coding	150716606	150724284	7	1	NA	GIMAP1
ENSG00000281887	GIMAP1-GIMAP5	NA	protein_coding	150716668	150743646	7	1	NA	GIMAP1-GIMAP5
ENSG00000196329	GIMAP5	NA	protein_coding	150722253	150750033	7	1	NA	GIMAP5
ENSG00000106565	TMEM176B	NA	protein_coding	150791285	150801360	7	-1	NA	TMEM176B
ENSG00000002933	TMEM176A	NA	protein_coding	150800403	150805118	7	1	NA	TMEM176A
ENSG00000002726	AOC1	NA	protein_coding	150824627	150861504	7	1	NA	AOC1
ENSG00000055118	KCNH2	NA	protein_coding	150944961	150978321	7	-1	NA	KCNH2
ENSG00000164867	NOS3	NA	protein_coding	150991017	151014588	7	1	NA	NOS3
ENSG00000181652	ATG9B	NA	protein_coding	151012209	151024499	7	-1	NA	ATG9B
ENSG00000197150	ABCB8	NA	protein_coding	151028422	151047782	7	1	NA	ABCB8
ENSG00000213199	ASIC3	NA	protein_coding	151048292	151052756	7	1	NA	ASIC3
ENSG00000164885	CDK5	NA	protein_coding	151053815	151057897	7	-1	NA	CDK5
ENSG00000164889	SLC4A2	NA	protein_coding	151057210	151076526	7	1	NA	SLC4A2
ENSG00000164896	FASTK	NA	protein_coding	151076593	151080866	7	-1	NA	FASTK
ENSG00000164897	TMUB1	NA	protein_coding	151081085	151083493	7	-1	NA	TMUB1
ENSG00000133612	AGAP3	NA	protein_coding	151085831	151144436	7	1	NA	AGAP3
ENSG00000164900	GBX1	NA	protein_coding	151148589	151174745	7	-1	NA	GBX1
ENSG00000146926	ASB10	NA	protein_coding	151175698	151187832	7	-1	NA	ASB10
ENSG00000278685	IQCA1L	NA	protein_coding	151190873	151205496	7	-1	NA	IQCA1L
ENSG00000285480	H2BE1	NA	protein_coding	151207837	151210378	7	-1	NA	H2BE1
ENSG00000285292	ABCF2	NA	protein_coding	151207837	151227166	7	-1	NA	ABCF2
ENSG00000033050	ABCF2	NA	protein_coding	151211484	151227205	7	-1	NA	ABCF2
ENSG00000033100	CHPF2	NA	protein_coding	151232489	151238827	7	1	NA	CHPF2
ENSG00000082014	SMARCD3	NA	protein_coding	151238764	151277896	7	-1	NA	SMARCD3
ENSG00000013374	NUB1	NA	protein_coding	151341699	151378449	7	1	NA	NUB1
ENSG00000187260	WDR86	NA	protein_coding	151375909	151410727	7	-1	NA	WDR86
ENSG00000127377	CRYGN	NA	protein_coding	151428832	151440813	7	-1	NA	CRYGN
ENSG00000106615	RHEB	NA	protein_coding	151466012	151520120	7	-1	NA	RHEB
ENSG00000106617	PRKAG2	NA	protein_coding	151556124	151877125	7	-1	NA	PRKAG2
ENSG00000106648	GALNTL5	NA	protein_coding	151956379	152019929	7	1	NA	GALNTL5
ENSG00000178234	GALNT11	NA	protein_coding	152025674	152122340	7	1	NA	GALNT11
ENSG00000055609	KMT2C	NA	protein_coding	152134922	152436005	7	-1	NA	KMT2C
ENSG00000196584	XRCC2	NA	protein_coding	152644776	152676141	7	-1	NA	XRCC2
ENSG00000133627	ACTR3B	NA	protein_coding	152759749	152855378	7	1	NA	ACTR3B
ENSG00000130226	DPP6	NA	protein_coding	153887097	154894285	7	1	NA	DPP6
ENSG00000157212	PAXIP1	NA	protein_coding	154943687	155003124	7	-1	NA	PAXIP1
ENSG00000157219	HTR5A	NA	protein_coding	155070324	155087392	7	1	NA	HTR5A
ENSG00000186480	INSIG1	NA	protein_coding	155297776	155310235	7	1	NA	INSIG1
ENSG00000164778	EN2	NA	protein_coding	155458129	155464831	7	1	NA	EN2
ENSG00000146910	CNPY1	NA	protein_coding	155474206	155555450	7	-1	NA	CNPY1
ENSG00000184863	RBM33	NA	protein_coding	155644451	155781485	7	1	NA	RBM33
ENSG00000164690	SHH	NA	protein_coding	155799980	155812463	7	-1	NA	SHH
ENSG00000105982	RNF32	NA	protein_coding	156640281	156677130	7	1	NA	RNF32
ENSG00000105983	LMBR1	NA	protein_coding	156668946	156893216	7	-1	NA	LMBR1
ENSG00000146909	NOM1	NA	protein_coding	156949712	156973176	7	1	NA	NOM1
ENSG00000130675	MNX1	NA	protein_coding	156994051	157010663	7	-1	NA	MNX1
ENSG00000009335	UBE3C	NA	protein_coding	157138916	157269370	7	1	NA	UBE3C
ENSG00000105993	DNAJB6	NA	protein_coding	157335381	157417439	7	1	NA	DNAJB6
ENSG00000155093	PTPRN2	NA	protein_coding	157539056	158587823	7	-1	NA	PTPRN2
ENSG00000146918	NCAPG2	NA	protein_coding	158631169	158704804	7	-1	NA	NCAPG2
ENSG00000117868	ESYT2	NA	protein_coding	158730995	158830253	7	-1	NA	ESYT2
ENSG00000126870	WDR60	NA	protein_coding	158856558	158956747	7	1	NA	WDR60
ENSG00000016082	ISL1	NA	protein_coding	51383448	51394730	5	1	NA	ISL1
ENSG00000213949	ITGA1	NA	protein_coding	52787916	52959209	5	1	NA	ITGA1
ENSG00000152684	PELO	NA	protein_coding	52787916	52804044	5	1	NA	PELO
ENSG00000164171	ITGA2	NA	protein_coding	52989340	53094779	5	1	NA	ITGA2
ENSG00000164172	MOCS2	NA	protein_coding	53095679	53110063	5	-1	NA	MOCS2
ENSG00000134363	FST	NA	protein_coding	53480626	53487134	5	1	NA	FST
ENSG00000164258	NDUFS4	NA	protein_coding	53560633	53683338	5	1	NA	NDUFS4
ENSG00000185305	ARL15	NA	protein_coding	53883942	54310582	5	-1	NA	ARL15
ENSG00000169271	HSPB3	NA	protein_coding	54455699	54456377	5	1	NA	HSPB3
ENSG00000178996	SNX18	NA	protein_coding	54517759	54546586	5	1	NA	SNX18
ENSG00000164283	ESM1	NA	protein_coding	54977867	55022671	5	-1	NA	ESM1
ENSG00000113088	GZMK	NA	protein_coding	55024256	55034570	5	1	NA	GZMK
ENSG00000145649	GZMA	NA	protein_coding	55102646	55110252	5	1	NA	GZMA
ENSG00000164287	CDC20B	NA	protein_coding	55112995	55173175	5	-1	NA	CDC20B
ENSG00000164294	GPX8	NA	protein_coding	55160167	55167297	5	1	NA	GPX8
ENSG00000234602	MCIDAS	NA	protein_coding	55219564	55227315	5	-1	NA	MCIDAS
ENSG00000152669	CCNO	NA	protein_coding	55231152	55233608	5	-1	NA	CCNO
ENSG00000067248	DHX29	NA	protein_coding	55256055	55307694	5	-1	NA	DHX29
ENSG00000039123	MTREX	NA	protein_coding	55307989	55425579	5	1	NA	MTREX
ENSG00000067113	PLPP1	NA	protein_coding	55424854	55534969	5	-1	NA	PLPP1
ENSG00000177058	SLC38A9	NA	protein_coding	55625845	55773194	5	-1	NA	SLC38A9
ENSG00000152670	DDX4	NA	protein_coding	55738017	55817157	5	1	NA	DDX4
ENSG00000164509	IL31RA	NA	protein_coding	55851357	55922854	5	1	NA	IL31RA
ENSG00000134352	IL6ST	NA	protein_coding	55935095	55995022	5	-1	NA	IL6ST
ENSG00000164512	ANKRD55	NA	protein_coding	56099680	56233330	5	-1	NA	ANKRD55
ENSG00000144228	SPOPL	NA	protein_coding	138501770	138573547	2	1	NA	SPOPL
ENSG00000144227	NXPH2	NA	protein_coding	138669157	138780390	2	-1	NA	NXPH2
ENSG00000168702	LRP1B	NA	protein_coding	140231423	142131016	2	-1	NA	LRP1B
ENSG00000115919	KYNU	NA	protein_coding	142877657	143055833	2	1	NA	KYNU
